%time,field.header.seq,field.header.stamp,field.header.frame_id,field.pose.position.x,field.pose.position.y,field.pose.position.z,field.pose.orientation.x,field.pose.orientation.y,field.pose.orientation.z,field.pose.orientation.w
11084000000,571,11083000000,map,-0.011729895137250423,0.006648804526776075,-0.016496773809194565,0.009242410480413663,-0.01018789254405583,0.02251311845373072,-0.9996519763575744
11093000000,572,11093000000,map,-0.011560319922864437,0.00665886839851737,-0.016470666974782944,0.009234593104354559,-0.010203730992222161,0.022523317991070324,-0.9996516391827863
11102000000,573,11102000000,map,-0.011400513350963593,0.006665388122200966,-0.016467217355966568,0.00922508676742764,-0.01020947440583047,0.022519904096341026,-0.9996517656233319
11110000000,574,11110000000,map,-0.011252832598984241,0.006668382789939642,-0.016486147418618202,0.009229024987062469,-0.010221933944444409,0.02251214907621496,-0.9996517656233319
11120000000,575,11119000000,map,-0.011119942180812359,0.006667409557849169,-0.016534119844436646,0.009222141838706002,-0.010234687358545033,0.02251577370518687,-0.9996515970359379
11129000000,576,11129000000,map,-0.011019754223525524,0.0066631874069571495,-0.016658194363117218,0.00922356087864361,-0.010250074374451145,0.022526605445254144,-0.9996511334206043
11137000000,577,11137000000,map,-0.010886767879128456,0.006660881452262402,-0.01669188216328621,0.009216593642385279,-0.010251322810202154,0.022539291646655968,-0.9996509226863617
11146000000,578,11146000000,map,-0.010791893117129803,0.006654452998191118,-0.016808578744530678,0.00922628210802769,-0.010259027822104584,0.022541103961141895,-0.9996507119521192
11156000000,579,11156000000,map,-0.010700213722884655,0.006648401729762554,-0.016924837604165077,0.009211128381513532,-0.01026393459607453,0.022523107256827823,-0.9996512598611498
11164000000,580,11164000000,map,-0.010626091621816158,0.006640220992267132,-0.01707664504647255,0.00920540134919986,-0.010268654055290989,0.022514382859186055,-0.9996513863016954
11173000000,581,11173000000,map,-0.010561411269009113,0.0066313776187598705,-0.01724042184650898,0.009200799399019044,-0.010273424592865846,0.02252812273180055,-0.9996511334206043
11183000000,582,11183000000,map,-0.010506725870072842,0.006621020380407572,-0.017425989732146263,0.009187749557571763,-0.010272141871641393,0.022535245549198946,-0.9996510912737557
11191000000,583,11191000000,map,-0.010462034493684769,0.0066091883927583694,-0.017631174996495247,0.009188477208094053,-0.010266360550564844,0.022552062141754814,-0.9996507962458162
11200000000,584,11200000000,map,-0.01042678952217102,0.006597092840820551,-0.01784089207649231,0.009181556316905473,-0.010281821446932944,0.02256162947636675,-0.9996505012178767
11210000000,585,11210000000,map,-0.010401314124464989,0.006584585178643465,-0.018068809062242508,0.009186191235470719,-0.010291260941592304,0.022574947880496243,-0.9996499954556946
11218000000,586,11218000000,map,-0.010384810157120228,0.006571650505065918,-0.01831596903502941,0.00918644119427053,-0.010296501926900053,0.0225836301312895,-0.9996497425746034
11227000000,587,11227000000,map,-0.010375343263149261,0.006557721644639969,-0.0185831468552351,0.00917982059937759,-0.010293048107909875,0.022579036124801777,-0.999649953308846
11236000000,588,11236000000,map,-0.010377204976975918,0.0065419296734035015,-0.01887580193579197,0.00916909360904609,-0.010284905163909636,0.02259458831190231,-0.9996498268683005
11243000000,589,11243000000,map,-0.0104150315746665,0.0065199933014810085,-0.019260479137301445,0.00916927577892061,-0.010288871824435407,0.02260900253409298,-0.9996494053998153
11253000000,590,11253000000,map,-0.010428398847579956,0.006503270473331213,-0.019498776644468307,0.00915144996690628,-0.01029509144804105,0.022622700259859074,-0.9996491946655728
11261000000,591,11261000000,map,-0.010453134775161743,0.006485237739980221,-0.01975831761956215,0.009154581716473023,-0.010299049588647248,0.022638168153262583,-0.9996488153439362
11270000000,592,11270000000,map,-0.01048732828348875,0.006466453894972801,-0.020034803077578545,0.009153599950088716,-0.01031050221270848,0.02264853627799618,-0.9996483938754511
11279000000,593,11279000000,map,-0.010529343970119953,0.006447139661759138,-0.020329337567090988,0.009152839084227806,-0.010323920304012819,0.022652624522301823,-0.9996482674349055
11289000000,594,11289000000,map,-0.010585333220660686,0.006426965352147818,-0.020655622705817223,0.009146357730339272,-0.010321868238166913,0.02266598507327977,-0.999647972406966
11297000000,595,11297000000,map,-0.010641884990036488,0.006406149826943874,-0.020976534113287926,0.00914396404452985,-0.010320705783633229,0.022670579079767383,-0.9996479302601176
11306000000,596,11306000000,map,-0.010707584209740162,0.006381855811923742,-0.021292638033628464,0.009145547761753484,-0.010319406557637042,0.02268701635068665,-0.9996475930853295
11316000000,597,11316000000,map,-0.010782015509903431,0.006357884965837002,-0.021628564223647118,0.009146481083957424,-0.010306657629870878,0.02269907034936075,-0.9996474244979354
11324000000,598,11324000000,map,-0.010865689255297184,0.00633460097014904,-0.021982640027999878,0.009140415847879871,-0.010293891127198158,0.022699323230451873,-0.9996475930853294
11333000000,599,11333000000,map,-0.010953730903565884,0.0063104694709181786,-0.022345080971717834,0.0091289590255974,-0.01029314380265869,0.022707836893851086,-0.9996475087916323
11343000000,600,11343000000,map,-0.011049685068428516,0.006285978946834803,-0.022725330665707588,0.009126564804720565,-0.010287821198990984,0.022693801993296903,-0.9996478881132689
11352000000,601,11352000000,map,-0.011154327541589737,0.006260898429900408,-0.023120421916246414,0.009130136173905418,-0.010286965667357052,0.022710787173246816,-0.9996475087916323
11360000000,602,11360000000,map,-0.011264139786362648,0.006233097519725561,-0.02344410866498947,0.009114953101001624,-0.010304898822126183,0.022724822073801,-0.9996471294699958
11369000000,603,11369000000,map,-0.011382284574210644,0.006203106138855219,-0.023792030289769173,0.009115554269819349,-0.010300965418098065,0.02273590669495934,-0.9996469187357532
11379000000,604,11379000000,map,-0.011089575476944447,0.006237185560166836,-0.023626338690519333,0.00912246174316358,-0.010286231801820967,0.022736918219323554,-0.9996470030294502
11387000000,605,11387000000,map,-0.010806226171553135,0.006270082201808691,-0.02347663603723049,0.009118756689443605,-0.010283999418256971,0.022756137182244562,-0.9996465815609651
11396000000,606,11396000000,map,-0.01053539291024208,0.0063040172681212425,-0.023359065875411034,0.00911795738104704,-0.010293172778617042,0.022762627796915236,-0.999646328679874
11406000000,607,11406000000,map,-0.01027823705226183,0.006338056176900864,-0.02326766960322857,0.009114267679645908,-0.01028720690044213,0.022783532633776638,-0.9996459915050859
11415000000,608,11415000000,map,-0.010035685263574123,0.006374079268425703,-0.02314719930291176,0.009123674082443745,-0.010280247649035961,0.022798410471301045,-0.9996456121834494
11424000000,609,11424000000,map,-0.009802073240280151,0.006423330865800381,-0.022971272468566895,0.009272155824545386,-0.01031881230353665,0.0227984526181495,-0.9996438841626605
11432000000,610,11432000000,map,-0.009563744999468327,0.006477547809481621,-0.022686302661895752,0.009550102642468746,-0.010454057383345905,0.02278483918608043,-0.9996401330931428
11441000000,611,11441000000,map,-0.009334484115242958,0.006533345207571983,-0.022333260625600815,0.009825161989678794,-0.010744056882854364,0.02280793565906447,-0.9996338953595634
11451000000,612,11451000000,map,-0.009112825617194176,0.006590716540813446,-0.021929863840341568,0.009873541426890332,-0.011207927608266203,0.022881102588079294,-0.9996266461016194
11459000000,613,11459000000,map,-0.008896514773368835,0.006645697169005871,-0.021358981728553772,0.009627429350186394,-0.011530505921970042,0.022934460498294063,-0.9996242015844059
11468000000,614,11468000000,map,-0.008677068166434765,0.006687948014587164,-0.020706897601485252,0.008950241858773002,-0.011961363523083484,0.02300670019664175,-0.9996236958222238
11478000000,615,11478000000,map,-0.008458754979074001,0.006713083945214748,-0.019941603764891624,0.007897452437096839,-0.012303564981400067,0.02304496953508972,-0.9996275733322867
11487000000,616,11487000000,map,-0.008248995989561081,0.006731195840984583,-0.019108513370156288,0.005587518013294368,-0.012140676631528574,0.023127535211322547,-0.9996432098130842
11495000000,617,11495000000,map,-0.008043495006859303,0.006742946803569794,-0.01818278059363365,0.0034939882295323492,-0.011549997439999252,0.023197119658214027,-0.9996580876506085
11505000000,618,11505000000,map,-0.007845724932849407,0.006745137739926577,-0.017103690654039383,0.0015054100254630301,-0.01078847270530848,0.02326514467171059,-0.9996699730618885
11514000000,619,11514000000,map,-0.007652542553842068,0.006734379101544619,-0.015918156132102013,0.000132261091166546,-0.010310657176463013,0.02332115783338151,-0.9996749042431645
11522000000,620,11522000000,map,-0.007473743055015802,0.006704310420900583,-0.014637974090874195,-0.0032222016427316995,-0.009357110082867595,0.02339449334979049,-0.9996773487603781
11532000000,621,11532000000,map,-0.007303737569600344,0.006652155891060829,-0.013284891843795776,-0.006209190696593079,-0.0083215359201288,0.023447809113156803,-0.9996711531736469
11541000000,622,11541000000,map,-0.007181553170084953,0.006540141999721527,-0.011810895055532455,-0.009466064707670129,-0.006912705068756288,0.02349556149251969,-0.9996552638117584
11549000000,623,11549000000,map,-0.007147096563130617,0.006321463733911514,-0.010215699672698975,-0.01137806760330541,-0.006305886021471134,0.023550436689280863,-0.9996380678975658
11559000000,624,11559000000,map,-0.007148099131882191,0.00602523609995842,-0.008542384952306747,-0.01443320539471281,-0.005455244409782109,0.02361959966768723,-0.999601948048392
11568000000,625,11568000000,map,-0.007180104032158852,0.005641358904540539,-0.006767233368009329,-0.017662415268098516,-0.004572657791827604,0.023651673419403996,-0.999553774200544
11576000000,626,11576000000,map,-0.007224711589515209,0.005177588667720556,-0.00492503959685564,-0.02220907569838455,-0.0033340350125328154,0.023714430076836712,-0.9994664880772781
11585000000,627,11585000000,map,-0.007276711519807577,0.004644017666578293,-0.002972706686705351,-0.025869349708905018,-0.0023258909572308347,0.023782117915545242,-0.9993797498630426
11595000000,628,11595000000,map,-0.007341564167290926,0.004061644896864891,-0.0009495768463239074,-0.029613266115928877,-0.0011872846250859206,0.023886304925064217,-0.9992753099724326
11603000000,629,11603000000,map,-0.007429103367030621,0.0034136627800762653,0.0011409700382500887,-0.032137738535363926,-0.0003716087633204906,0.023992177808523585,-0.999195399547656
11612000000,630,11612000000,map,-0.007544809021055698,0.002688481006771326,0.003300081007182598,-0.03714406895912247,0.001216867761473643,0.024311524479690594,-0.9990134516026344
11622000000,631,11622000000,map,-0.0076883286237716675,0.0018837088719010353,0.005549873225390911,-0.04073788595061986,0.0023555333626242765,0.0245574513407516,-0.9988653054301186
11630000000,632,11630000000,map,-0.007863902486860752,0.0009902806486934423,0.007882636971771717,-0.04391917880851574,0.0035964827796657697,0.02475347633317576,-0.9987218797046361
11639000000,633,11639000000,map,-0.008069919422268867,1.2236923794262111e-05,0.010233502835035324,-0.04707769524605852,0.00506419936385308,0.024868705817004566,-0.9985688023508446
11649000000,634,11649000000,map,-0.008310176432132721,-0.0010532476007938385,0.012590750120580196,-0.04920372848182878,0.006059693437701222,0.024909124644726555,-0.9984597684537468
11657000000,635,11657000000,map,-0.008593070320785046,-0.002222746377810836,0.014982091262936592,-0.05236871314352897,0.007314685657830935,0.024884721619438777,-0.9982909703254608
11666000000,636,11666000000,map,-0.008910172618925571,-0.0034858498256653547,0.017381176352500916,-0.05647646880576821,0.008465776676758184,0.024732992964799583,-0.9980616071758645
11676000000,637,11676000000,map,-0.009268175810575485,-0.004859255161136389,0.019808484241366386,-0.059037861864498796,0.008747051572829732,0.024566091444696403,-0.9979151047304405
11684000000,638,11684000000,map,-0.009669981896877289,-0.006353750359266996,0.022302739322185516,-0.06049391430836073,0.008653401275438522,0.024447068744501643,-0.997831653970389
11693000000,639,11693000000,map,-0.010107165202498436,-0.007957175374031067,0.024848615750670433,-0.062499648584679754,0.008334415486661856,0.024272791525909054,-0.9977149493468624
11703000000,640,11703000000,map,-0.010584454983472824,-0.009685693308711052,0.027457982301712036,-0.0642887322545846,0.0078375858022374,0.024067747107903548,-0.9976102987220099
11712000000,641,11712000000,map,-0.01109478622674942,-0.011531230993568897,0.030130693688988686,-0.0667410808795054,0.006787020285364704,0.023695632582400927,-0.997465861472163
11720000000,642,11720000000,map,-0.011645416729152203,-0.013514109887182713,0.03293963894248009,-0.06873966336246773,0.005753637511794285,0.02335462243109926,-0.9973446049889971
11729000000,643,11729000000,map,-0.012229313142597675,-0.015623997896909714,0.03581022843718529,-0.07009229534261802,0.004844732821122756,0.023064989288132387,-0.9972620814596127
11738000000,644,11738000000,map,-0.012847335077822208,-0.017876507714390755,0.038758594542741776,-0.07209697331354623,0.003064002129757165,0.022531494479681446,-0.9971384226060818
11748000000,645,11748000000,map,-0.013490322977304459,-0.020257091149687767,0.04177225008606911,-0.0739294682374173,0.0008272715134620468,0.021885003970372907,-0.9970229823880105
11757000000,646,11757000000,map,-0.014156760647892952,-0.022784234955906868,0.044878922402858734,-0.07612518733593329,-0.00281939499188997,0.021017959002806785,-0.9968727710199177
11765000000,647,11765000000,map,-0.014835844747722149,-0.025445766746997833,0.04807307943701744,-0.0771551957274448,-0.005975116566540873,0.020417408558374983,-0.9967921440987163
11774000000,648,11774000000,map,-0.015526523813605309,-0.0282518919557333,0.051350899040699005,-0.07753909819964037,-0.009405214124997703,0.01985921569669674,-0.9967471312645066
11784000000,649,11784000000,map,-0.015794875100255013,-0.03073761984705925,0.055136699229478836,-0.07755475311968414,-0.01181616400796866,0.019508722504480214,-0.9967271536583125
11793000000,650,11793000000,map,-0.01607203297317028,-0.03336791321635246,0.05892510712146759,-0.07727193986364195,-0.015385261872814407,0.018982729835064216,-0.9967106320936963
11801000000,651,11801000000,map,-0.016344107687473297,-0.036111291497945786,0.06267406046390533,-0.0762898761464896,-0.019912297018218048,0.01835942009243663,-0.9967177549110946
11811000000,652,11811000000,map,-0.016612151637673378,-0.03900974616408348,0.06644871830940247,-0.07503433470024022,-0.023102884573299582,0.017844132722542427,-0.9967535797323288
11820000000,653,11820000000,map,-0.01686682365834713,-0.04205276444554329,0.07025828212499619,-0.0737332009006142,-0.026178284791400854,0.017279280658799356,-0.9967845998128328
11828000000,654,11828000000,map,-0.017104504629969597,-0.045220036059617996,0.07412002235651016,-0.07306792870193793,-0.028209230785663494,0.016887188527102526,-0.9967848948407724
11838000000,655,11837000000,map,-0.017321638762950897,-0.04850385710597038,0.07795055210590363,-0.07216372206778635,-0.03143171428544467,0.016295994683040212,-0.9967642007381536
11847000000,656,11847000000,map,-0.01751292683184147,-0.05192006379365921,0.08179128915071487,-0.0713291947109354,-0.03607313466061786,0.015549573995912279,-0.9966790641041616
11855000000,657,11855000000,map,-0.017674840986728668,-0.055473558604717255,0.08563049137592316,-0.07083148257687026,-0.03959461975753646,0.014971529968585416,-0.996589754932167
11864000000,658,11864000000,map,-0.01779438555240631,-0.05914773792028427,0.08947879821062088,-0.07041949844976529,-0.042949497045202484,0.014403601184901135,-0.9964883074678013
11874000000,659,11874000000,map,-0.017859656363725662,-0.0629112645983696,0.09334783256053925,-0.07018536612084218,-0.04502301267355014,0.014034521232491212,-0.9964186387272127
11883000000,660,11883000000,map,-0.01787406951189041,-0.06684937328100204,0.09734252840280533,-0.06992090189042592,-0.0478574652856152,0.013522774197871953,-0.9963121757878742
11891000000,661,11891000000,map,-0.01783062145113945,-0.0709206685423851,0.1013890877366066,-0.06995546889164993,-0.051260721887015664,0.01285377727145853,-0.9961492782183796
11900000000,662,11900000000,map,-0.017727557569742203,-0.0751279890537262,0.10547004640102386,-0.07036264827802466,-0.053616563448469615,0.012353325592240113,-0.9960029443603499
11910000000,663,11910000000,map,-0.01755984127521515,-0.07948199659585953,0.10959042608737946,-0.07136645515919707,-0.05565284036052437,0.011905599620508963,-0.9958252111001794
11918000000,664,11918000000,map,-0.01732032001018524,-0.0839603915810585,0.11373532563447952,-0.07236284617066507,-0.05672752441145744,0.01164504780301456,-0.9956957359815539
11927000000,665,11927000000,map,-0.0169997438788414,-0.08856479078531265,0.11794890463352203,-0.07430232889384754,-0.057838251261856904,0.011282205584184354,-0.9954932203744591
11937000000,666,11937000000,map,-0.01659637689590454,-0.09330429881811142,0.12232112884521484,-0.07716653520532776,-0.0586923347564169,0.010824743690447,-0.995230308333448
11945000000,667,11945000000,map,-0.016110066324472427,-0.09819211065769196,0.12678754329681396,-0.07897292344926887,-0.05905679370201429,0.0104114938407977,-0.9950714568614105
11954000000,668,11954000000,map,-0.015540179796516895,-0.10324891656637192,0.13134998083114624,-0.08038512473143322,-0.05944985784540491,0.009950154436997479,-0.9949397058129654
11963000000,669,11963000000,map,-0.014892252162098885,-0.108430877327919,0.13595499098300934,-0.08113289543480252,-0.05980252028323081,0.009645432722263755,-0.9948608912062501
11973000000,670,11973000000,map,-0.014162670820951462,-0.11379418522119522,0.14063315093517303,-0.08202543990426223,-0.060307375649574044,0.009195177939621876,-0.994761466790613
11981000000,671,11981000000,map,-0.013358420692384243,-0.11925921589136124,0.14532220363616943,-0.08253003909679187,-0.06064421721414016,0.008710404888049469,-0.994703641314456
11990000000,672,11990000000,map,-0.01247765775769949,-0.12487037479877472,0.1500871479511261,-0.08283930937844228,-0.060732570838053654,0.008009629237858914,-0.9946783953521979
12000000000,673,11999000000,map,-0.011522148735821247,-0.13063660264015198,0.15487386286258698,-0.08313067581055415,-0.06076870649229568,0.0074593178368521605,-0.9946561839630327
12009000000,674,12009000000,map,-0.010490384884178638,-0.1365741640329361,0.15969641506671906,-0.08348447094493376,-0.06074804004854616,0.006855606378782072,-0.9946320759656846
12017000000,675,12017000000,map,-0.00938867311924696,-0.14261578023433685,0.16450411081314087,-0.08408490943679914,-0.060562157958633955,0.006218346029297436,-0.9945970940814204
12026000000,676,12026000000,map,-0.008215736597776413,-0.14879998564720154,0.16930457949638367,-0.08512283089911857,-0.05992822457600356,0.005586311889028025,-0.9945509011354525
12036000000,677,12036000000,map,-0.006967791356146336,-0.15514090657234192,0.17420130968093872,-0.08648217081362718,-0.05880608712491428,0.00497290665580041,-0.9945039495462114
12044000000,678,12044000000,map,-0.005656024441123009,-0.16160860657691956,0.17908918857574463,-0.08692847432922116,-0.05838276417847086,0.004750834910996534,-0.9944910104637186
12053000000,679,12053000000,map,-0.00427662767469883,-0.16823701560497284,0.18397848308086395,-0.08884309765577175,-0.05695166003474936,0.003768560459601663,-0.9944089926965163
12063000000,680,12062000000,map,-0.0028328816406428814,-0.17500586807727814,0.18886202573776245,-0.09034028674086933,-0.056286375982271944,0.002981130888872637,-0.9943146259027005
12072000000,681,12072000000,map,-0.0013181400718167424,-0.1819397360086441,0.19376657903194427,-0.0916975219471304,-0.055998511689853515,0.00209065227353444,-0.9942089216066351
12080000000,682,12080000000,map,0.00027042481815442443,-0.18903891742229462,0.1987231820821762,-0.09358329707296432,-0.05583833390917688,0.0007574631614378734,-0.9940441274289575
12089000000,683,12089000000,map,0.001931621227413416,-0.19629769027233124,0.2038290649652481,-0.09528768006534144,-0.055713572652139554,-0.00033561535469217926,-0.993889490641771
12099000000,684,12099000000,map,0.0036749537102878094,-0.20377913117408752,0.20900452136993408,-0.09717306533282663,-0.05564527500121666,-0.0015136619174201428,-0.993709565745478
12107000000,685,12107000000,map,0.005463852547109127,-0.2113277018070221,0.214145690202713,-0.09856072792953455,-0.05564655126047313,-0.00231870887082675,-0.9935712819355138
12116000000,686,12116000000,map,0.007325471378862858,-0.21906909346580505,0.21933527290821075,-0.10152685849160427,-0.05582280542967864,-0.003958052690506534,-0.9932575407951987
12126000000,687,12125000000,map,0.0092529421672225,-0.22696417570114136,0.22455506026744843,-0.10345080944256595,-0.056122395765606216,-0.005223174642258025,-0.993036227693668
12135000000,688,12135000000,map,0.011260269209742546,-0.23506496846675873,0.22985412180423737,-0.10504234293096613,-0.05646191497214177,-0.0065644138024201805,-0.9928419728688813
12143000000,689,12143000000,map,0.01333608664572239,-0.24331316351890564,0.23522986471652985,-0.10592428417530282,-0.05655473550345293,-0.007476893072681016,-0.992736521453907
12153000000,690,12153000000,map,0.015489946119487286,-0.2517537772655487,0.2406797856092453,-0.10694289184429215,-0.056388379258202406,-0.008859984053414597,-0.9926253380675352
12162000000,691,12162000000,map,0.01771271415054798,-0.2603515088558197,0.2461627572774887,-0.1078087856760583,-0.056174507709611896,-0.010285306176355983,-0.9925300861899007
12170000000,692,12170000000,map,0.020010897889733315,-0.26914748549461365,0.25166887044906616,-0.10856702855419353,-0.05581674418602717,-0.012328501098467008,-0.9924443595000294
12180000000,693,12179000000,map,0.022689353674650192,-0.27744781970977783,0.25772660970687866,-0.10871150531671084,-0.05565431286604422,-0.014037092190250181,-0.9924149831466174
12189000000,694,12189000000,map,0.02543959580361843,-0.28597235679626465,0.2637884020805359,-0.10863422380161006,-0.055725577918520085,-0.015897875552006228,-0.9923913809114513
12197000000,695,12197000000,map,0.028238993138074875,-0.29462867975234985,0.2698364853858948,-0.10847718727823649,-0.05589340403511242,-0.017241896404170013,-0.9923766716613209
12206000000,696,12206000000,map,0.031105875968933105,-0.30347779393196106,0.2758851945400238,-0.10801541850341706,-0.056571912978399155,-0.020126595303649745,-0.9923342719317191
12216000000,697,12216000000,map,0.034036871045827866,-0.31250110268592834,0.28192299604415894,-0.10770329738259159,-0.05722748876773988,-0.02239767823565925,-0.992281967692717
12224000000,698,12224000000,map,0.037036508321762085,-0.3217223286628723,0.2879423201084137,-0.10771360492123054,-0.057655234499098915,-0.024696957409322488,-0.9922014672120612
12233000000,699,12233000000,map,0.04009787738323212,-0.33110615611076355,0.29394224286079407,-0.10784385185401936,-0.05772708170491982,-0.02622861603105692,-0.9921438524701468
12243000000,700,12243000000,map,0.04322289675474167,-0.3406538963317871,0.29993945360183716,-0.10824042472254852,-0.05771763817667536,-0.028466529393288368,-0.9920394968732338
12252000000,701,12252000000,map,0.04643560200929642,-0.3504441976547241,0.3060479164123535,-0.10869168839537663,-0.05774620583743165,-0.03068387509344656,-0.9919224129280706
12260000000,702,12260000000,map,0.04968143627047539,-0.36027681827545166,0.31210267543792725,-0.10889612958661281,-0.05765280051859742,-0.03351740771883389,-0.9918136740589125
12269000000,703,12269000000,map,0.05312399938702583,-0.370741605758667,0.31835731863975525,-0.10870062352726095,-0.05723720888467772,-0.03572999082511031,-0.9917820217756808
12279000000,704,12279000000,map,0.056496188044548035,-0.38088876008987427,0.3243415951728821,-0.10842660579166737,-0.056619673260296086,-0.03778625127025986,-0.9917712321824619
12287000000,705,12287000000,map,0.05994442105293274,-0.39124077558517456,0.3303150534629822,-0.10830817841570782,-0.056142239028720745,-0.03922855857315122,-0.9917552585268763
12296000000,706,12296000000,map,0.06347616761922836,-0.4018232524394989,0.33630648255348206,-0.10798883437871881,-0.055015756500967794,-0.042257694722477646,-0.9917288324528601
12306000000,707,12305000000,map,0.06707458943128586,-0.4125746786594391,0.34236544370651245,-0.10745936722847872,-0.05413245075241058,-0.0446329225171575,-0.9917308555015886
12315000000,708,12315000000,map,0.07074011862277985,-0.4234902560710907,0.3484884798526764,-0.1068682128970869,-0.053361872018551804,-0.04709408773595125,-0.9917227211598261
12323000000,709,12323000000,map,0.07447635382413864,-0.43458664417266846,0.3546585738658905,-0.10640307237438658,-0.05293918917737014,-0.04876230214686095,-0.9917147554054575
12332000000,710,12332000000,map,0.07827978581190109,-0.4458525776863098,0.36086010932922363,-0.10553845348478788,-0.05252185898594937,-0.05133810679360412,-0.991699371805751
12342000000,711,12342000000,map,0.08222142606973648,-0.45751842856407166,0.3672221302986145,-0.10428532494561575,-0.05220101346748215,-0.05391694601344027,-0.9917119737134557
12350000000,712,12350000000,map,0.08610121160745621,-0.46892330050468445,0.37341412901878357,-0.10206999439165204,-0.051769701059067884,-0.05736055427102288,-0.9917718643851897
12359000000,713,12359000000,map,0.09013329446315765,-0.48075833916664124,0.3798281252384186,-0.10009142112502026,-0.051371676758443126,-0.06003574118655486,-0.9918358854480777
12369000000,714,12369000000,map,0.09421494603157043,-0.4926868677139282,0.3862844705581665,-0.09788667469838884,-0.05085854151200102,-0.06277996463994762,-0.991912466271822
12377000000,715,12377000000,map,0.09839325398206711,-0.5048537850379944,0.3928638994693756,-0.09613121894523963,-0.05044722778320517,-0.06464934595879984,-0.9919851274386549
12386000000,716,12386000000,map,0.10264301300048828,-0.5171787142753601,0.3994969129562378,-0.09314450096476133,-0.04962841198122569,-0.0674654297889038,-0.9921237905702556
12396000000,717,12396000000,map,0.10694226622581482,-0.529596209526062,0.40614768862724304,-0.08864702656523203,-0.0484904101929391,-0.07117759776519772,-0.9923326282046271
12404000000,718,12404000000,map,0.11130709201097488,-0.5421504974365234,0.4129314720630646,-0.08502895406241662,-0.04790046758344196,-0.0739399022166018,-0.9924760117832612
12413000000,719,12413000000,map,0.11570896953344345,-0.5547612309455872,0.41968846321105957,-0.08109093429584288,-0.04734868894527143,-0.07675733474585794,-0.9926181309564399
12423000000,720,12423000000,map,0.12017910182476044,-0.5675284266471863,0.4264475703239441,-0.07837936147915583,-0.046809549093298104,-0.07865352146036309,-0.9927130456592865
12432000000,721,12432000000,map,0.12472090125083923,-0.5804488062858582,0.4332551956176758,-0.07421824527252378,-0.045688537753317465,-0.08147217624822611,-0.9928577357902243
12440000000,722,12440000000,map,0.12929852306842804,-0.593416154384613,0.4400802552700043,-0.06860347240694985,-0.04378592496150345,-0.08512474858072577,-0.9930408638470042
12449000000,723,12449000000,map,0.13391220569610596,-0.6064359545707703,0.44689300656318665,-0.064285216944001,-0.04218566707546151,-0.08777047484914868,-0.9931687373853864
12459000000,724,12459000000,map,0.1385747492313385,-0.6195533871650696,0.45367589592933655,-0.05991967798537896,-0.04028700423360637,-0.09037835324760873,-0.9932867485612168
12468000000,725,12468000000,map,0.1432681381702423,-0.6327164769172668,0.46044647693634033,-0.05414145766564625,-0.03732061749772304,-0.09385829208860774,-0.9934115453796575
12476000000,726,12476000000,map,0.14800241589546204,-0.645958662033081,0.46722590923309326,-0.051463859160126045,-0.03575051436470163,-0.09561535205617833,-0.9934440405998594
12485000000,727,12485000000,map,0.15276525914669037,-0.6592434644699097,0.4740273058414459,-0.04778278831404348,-0.033267682373050826,-0.09824249156440795,-0.9934579069130195
12495000000,728,12495000000,map,0.1575649231672287,-0.6726041436195374,0.4808731973171234,-0.044400570892584056,-0.030763823713804653,-0.10081037260363124,-0.9934382243347648
12504000000,729,12504000000,map,0.16239604353904724,-0.6860380172729492,0.4877511262893677,-0.04112940251441673,-0.028351889965338765,-0.1033382984304661,-0.9933909777175842
12512000000,730,12512000000,map,0.16722673177719116,-0.6994683742523193,0.4946180284023285,-0.03903176110801912,-0.026830903057356227,-0.10497523987978069,-0.9933463442050111
12522000000,731,12521000000,map,0.17207974195480347,-0.7129572629928589,0.5015038847923279,-0.0360205386863988,-0.024606496442983503,-0.10737406990962678,-0.9932612918647161
12531000000,732,12531000000,map,0.17692868411540985,-0.7264381051063538,0.508407711982727,-0.03212726998259278,-0.02193312809811032,-0.11040982311416947,-0.9931245674881468
12539000000,733,12539000000,map,0.18178711831569672,-0.7399546504020691,0.5153847932815552,-0.028947891513581608,-0.02001845933198866,-0.11256369566047014,-0.9930210548282041
12548000000,734,12548000000,map,0.1866563856601715,-0.7535085678100586,0.5224273204803467,-0.025586648405429173,-0.01824605033829819,-0.11461856525961883,-0.9929123581058945
12558000000,735,12558000000,map,0.19156129658222198,-0.7671873569488525,0.5295299291610718,-0.023394326738029877,-0.01704970216514885,-0.11595980441978099,-0.9928319840657842
12567000000,736,12567000000,map,0.19647009670734406,-0.7809017896652222,0.5366815328598022,-0.02022050539684932,-0.015264691263753622,-0.11792447976311632,-0.9926993479335204
12575000000,737,12575000000,map,0.20134271681308746,-0.7945342063903809,0.5438473224639893,-0.016402221204900237,-0.012840969239322594,-0.12038547639451586,-0.9925087177377057
12584000000,738,12584000000,map,0.2069161981344223,-0.8081504106521606,0.5517302751541138,-0.01366544696002753,-0.011030709659173247,-0.12212845931468391,-0.9923589699849464
12594000000,739,12594000000,map,0.2124229371547699,-0.8216386437416077,0.5596049427986145,-0.010878687952227977,-0.009262299183099123,-0.12389597170068528,-0.9921923634927828
12602000000,740,12602000000,map,0.2178831845521927,-0.8350652456283569,0.5674927234649658,-0.00905523007000383,-0.00815024487160769,-0.12503730835836024,-0.9920773025963481
12611000000,741,12611000000,map,0.22331513464450836,-0.8484921455383301,0.5754109025001526,-0.006296792982961512,-0.006481359671378065,-0.12672255009606842,-0.9918970405252671
12620000000,742,12620000000,map,0.2287200689315796,-0.8619207739830017,0.5833672285079956,-0.0021980935630575094,-0.004146097687537125,-0.12899114636401582,-0.9916346342464383
12630000000,743,12630000000,map,0.23409564793109894,-0.8753502368927002,0.5913362503051758,0.00141467152377291,-0.0022249534944275054,-0.13072097946744843,-0.9914156813684241
12638000000,744,12638000000,map,0.23943296074867249,-0.8887558579444885,0.5993270874023438,0.002709820882500714,-0.0015613845388030682,-0.13132452233812447,-0.9913345908318891
12647000000,745,12647000000,map,0.24469876289367676,-0.9020522832870483,0.6072839498519897,0.008307240318267703,0.0011257709704121442,-0.13379474912934797,-0.9909737295149388
12657000000,746,12656000000,map,0.24996057152748108,-0.9154437184333801,0.6153054237365723,0.012813119721352398,0.002966158550211383,-0.1355770129123281,-0.9906795866591813
12666000000,747,12666000000,map,0.2551734149456024,-0.9287917613983154,0.6233577728271484,0.017664267095255096,0.004528888289649171,-0.13728872287090105,-0.9903631902674099
12674000000,748,12674000000,map,0.26031485199928284,-0.9420371651649475,0.6313983798027039,0.02477651946405462,0.0061014102566484055,-0.1394099737564543,-0.9899059812547639
12683000000,749,12683000000,map,0.26535382866859436,-0.9550825953483582,0.6393890380859375,0.030238996668167966,0.006698469756643314,-0.14097492838851233,-0.9895285562263489
12693000000,750,12693000000,map,0.27039092779159546,-0.9682204127311707,0.6475396752357483,0.03581263157541724,0.006966609323958638,-0.1426281385213522,-0.9891037581402076
12701000000,751,12701000000,map,0.27534669637680054,-0.9812170267105103,0.6557068824768066,0.03962527105311615,0.007047374539506655,-0.1437703602628459,-0.9887924193702575
12710000000,752,12710000000,map,0.28026083111763,-0.9941781759262085,0.6639314293861389,0.047017747939496986,0.007048534894929721,-0.14610120742604388,-0.988126625604331
12720000000,753,12720000000,map,0.28509023785591125,-1.0069715976715088,0.6722853183746338,0.05253102855967865,0.006996089727402994,-0.1478478149751838,-0.9875892954326656
12728000000,754,12728000000,map,0.2898552119731903,-1.0196545124053955,0.6806714534759521,0.05827404769982616,0.007015545766346841,-0.14958810049704713,-0.987004676496971
12738000000,755,12737000000,map,0.2945736348628998,-1.0322721004486084,0.6891070604324341,0.06222537533381721,0.006937824343514718,-0.1507855767569387,-0.9865818593127096
12747000000,756,12747000000,map,0.2992819547653198,-1.0449321269989014,0.6976385712623596,0.06841780105128031,0.0066196103689014,-0.1526611115156734,-0.9858853404942186
12755000000,757,12755000000,map,0.3038666546344757,-1.0572808980941772,0.7060204148292542,0.0773104199363325,0.0060131145846516075,-0.15534540215048376,-0.9848120709968887
12765000000,758,12764000000,map,0.3083589971065521,-1.0694043636322021,0.7143154144287109,0.08445242995581426,0.005524885491501405,-0.15751153942970125,-0.9838837866584362
12774000000,759,12774000000,map,0.31279513239860535,-1.081405520439148,0.7226369380950928,0.09213520248093698,0.0051466465020744865,-0.15976816599267152,-0.9828320542006954
12782000000,760,12782000000,map,0.3171667456626892,-1.093248963356018,0.7309034466743469,0.09729882889460523,0.004797802305305877,-0.16127740249099815,-0.9820893845830849
12791000000,761,12791000000,map,0.32150059938430786,-1.1050136089324951,0.7392149567604065,0.10510627443180122,0.00430305625570469,-0.16359050583097295,-0.9809038780281706
12801000000,762,12801000000,map,0.3257380723953247,-1.11651611328125,0.7474661469459534,0.11305139264965805,0.0038597293612867875,-0.16594731545285363,-0.9796254376722896
12809000000,763,12809000000,map,0.32990309596061707,-1.127806305885315,0.7557435631752014,0.1234617169154095,0.002917041337355746,-0.16903385560985196,-0.9778427524208244
12819000000,764,12819000000,map,0.33398598432540894,-1.138845682144165,0.7640675902366638,0.13107809498323741,0.0019475057709232683,-0.17129195731252006,-0.9764598721743334
12828000000,765,12828000000,map,0.338045209646225,-1.1497979164123535,0.7725931406021118,0.1386808069354357,0.0008221322321217523,-0.17344979166258084,-0.9750293238421766
12836000000,766,12836000000,map,0.3420310616493225,-1.1605005264282227,0.7811117172241211,0.14395582220136216,-4.6208751036061875e-05,-0.17488784213377262,-0.9740076842342724
12846000000,767,12846000000,map,0.3458941578865051,-1.1707900762557983,0.7895411252975464,0.1545810479793146,-0.0021916677327027986,-0.17769359998599127,-0.9718666664767677
12855000000,768,12855000000,map,0.34968963265419006,-1.1808271408081055,0.797958254814148,0.16179816368284278,-0.0042033842273323544,-0.17960285222353484,-0.9703331955405473
12863000000,769,12863000000,map,0.35339027643203735,-1.1905192136764526,0.8063088059425354,0.16871620534933762,-0.0065311599389450995,-0.1814677238295963,-0.9687938661923838
12872000000,770,12872000000,map,0.3570363521575928,-1.1999496221542358,0.81474769115448,0.17554073896405498,-0.008990934311737895,-0.18327405346307618,-0.9672204400437752
12882000000,771,12882000000,map,0.3605934977531433,-1.2090035676956177,0.8232482671737671,0.18006864338820916,-0.010776669941364158,-0.18442301870033173,-0.9661507108817201
12890000000,772,12890000000,map,0.3640921413898468,-1.2177523374557495,0.831788182258606,0.18869768905356438,-0.014662561958864008,-0.1866026429710726,-0.9640320309539261
12899000000,773,12899000000,map,0.3675290048122406,-1.226158618927002,0.8403705358505249,0.19488690107382853,-0.01775554004697236,-0.1881313513134112,-0.9624503018761608
12909000000,774,12909000000,map,0.3708800673484802,-1.2341375350952148,0.8489356637001038,0.2009098016298687,-0.020715565901453074,-0.18962318116330285,-0.9608584997016013
12917000000,775,12917000000,map,0.37418973445892334,-1.2417893409729004,0.8575736284255981,0.20494483553918041,-0.022602185281346224,-0.19062648689210465,-0.9597648311295921
12926000000,776,12926000000,map,0.37744423747062683,-1.2490640878677368,0.8662248253822327,0.21140267049842876,-0.02550750452645981,-0.19211987617539117,-0.9579917553595874
12936000000,777,12936000000,map,0.3806712329387665,-1.256026029586792,0.8750205636024475,0.21828145764389176,-0.02848001638481189,-0.19357322595259235,-0.9560708284450062
12944000000,778,12944000000,map,0.3838140368461609,-1.2625192403793335,0.8837093114852905,0.22776155881615928,-0.03220079285491427,-0.195581818312076,-0.953328712334039
12953000000,779,12953000000,map,0.38690662384033203,-1.268629550933838,0.89232337474823,0.23506653489376444,-0.03464080035575544,-0.1972372200810384,-0.9511263287651022
12963000000,780,12963000000,map,0.3899339735507965,-1.2743273973464966,0.9007890224456787,0.24213039938775094,-0.036946095992043695,-0.19896300708701398,-0.9489054848765177
12971000000,781,12971000000,map,0.39294132590293884,-1.279665470123291,0.9092577695846558,0.24661524553779515,-0.03845411023176348,-0.20018771021104353,-0.9474319467588799
12981000000,782,12980000000,map,0.39621710777282715,-1.285955786705017,0.9182651042938232,0.2550947594529898,-0.04144867542859891,-0.20268668115295152,-0.9445246571485983
12990000000,783,12990000000,map,0.3994464874267578,-1.2917932271957397,0.9272139072418213,0.2615387807826387,-0.043689644437347394,-0.2045912972371588,-0.9422479686857369
12998000000,784,12998000000,map,0.402621865272522,-1.297159194946289,0.936060905456543,0.2681283035700593,-0.04618508558069252,-0.20640972301616123,-0.9398772506038475
13008000000,785,13008000000,map,0.40574735403060913,-1.302045226097107,0.9448187947273254,0.2745637374793241,-0.049022464106006566,-0.20815194729305608,-0.9374883250834016
13017000000,786,13017000000,map,0.40882760286331177,-1.3064734935760498,0.9534532427787781,0.27871420106999506,-0.05109217993254317,-0.20921067612764976,-0.9359159947528541
13025000000,787,13025000000,map,0.4118706285953522,-1.3104615211486816,0.9619297385215759,0.28725448020403027,-0.055226216789006966,-0.21115436234042667,-0.9326569053980522
13035000000,788,13035000000,map,0.4148533046245575,-1.3139724731445312,0.9702300429344177,0.29367504681248285,-0.058620386793286294,-0.2124132044117501,-0.9301608847355401
13044000000,789,13044000000,map,0.4177960157394409,-1.316990852355957,0.9783958792686462,0.30011707670353954,-0.062445708521119914,-0.21354118051844712,-0.9275938466332871
13052000000,790,13052000000,map,0.4207112491130829,-1.3195151090621948,0.9864380359649658,0.30443102791958426,-0.06513112658412792,-0.21419315011806217,-0.9258514537689981
13061000000,791,13061000000,map,0.42358237504959106,-1.3215285539627075,0.9942936897277832,0.31105656518905744,-0.06904369228837912,-0.2151528760055037,-0.9231392619204737
13071000000,792,13071000000,map,0.42644059658050537,-1.3229995965957642,1.0020719766616821,0.3178678436199181,-0.07265267424280632,-0.21615144021384813,-0.9203043595225096
13079000000,793,13079000000,map,0.42924630641937256,-1.323904037475586,1.0096540451049805,0.32681331201882496,-0.07724317200535523,-0.21734200439058382,-0.9165091201078006
13088000000,794,13088000000,map,0.43204423785209656,-1.3242486715316772,1.0172070264816284,0.33358989305664905,-0.08064143025394012,-0.21810387189769104,-0.9135893339569356
13098000000,795,13098000000,map,0.4348143935203552,-1.3240371942520142,1.0245745182037354,0.3405718556872667,-0.0839294323468205,-0.2188598177725824,-0.9105312429226823
13106000000,796,13106000000,map,0.4375625550746918,-1.3232818841934204,1.0317414999008179,0.3451319866454636,-0.08604995619923698,-0.21935780386116288,-0.9084940539264839
13115000000,797,13115000000,map,0.44028621912002563,-1.3219788074493408,1.038689136505127,0.35393762233772336,-0.09009485247110023,-0.22050221723877916,-0.9044279367163954
13125000000,798,13125000000,map,0.44300591945648193,-1.3200923204421997,1.0454658269882202,0.3601218821032875,-0.0931360320823887,-0.22136243441688652,-0.9014635802732303
13133000000,799,13133000000,map,0.44567981362342834,-1.3176536560058594,1.0519721508026123,0.36630611025871523,-0.0961531774533138,-0.22225112179116296,-0.8984314727710838
13143000000,800,13142000000,map,0.4483530521392822,-1.3146151304244995,1.0583354234695435,0.3725370265855809,-0.09919671728811887,-0.22307359646642877,-0.8953292750598636
13152000000,801,13152000000,map,0.4510110914707184,-1.3109955787658691,1.0644644498825073,0.37667008352781683,-0.10134665964079596,-0.22355000336857167,-0.8932378852164804
13160000000,802,13160000000,map,0.45365867018699646,-1.3067729473114014,1.070363998413086,0.3828393179418868,-0.10477636997508209,-0.22411139939073682,-0.8900729940681003
13169000000,803,13169000000,map,0.4563089907169342,-1.3019251823425293,1.0760387182235718,0.3912916155296556,-0.1095696889093775,-0.22465768576771072,-0.8856717040452289
13179000000,804,13179000000,map,0.4589410424232483,-1.2964985370635986,1.081433892250061,0.39784592462514534,-0.1133259319525018,-0.2249573498606232,-0.8821961906233236
13187000000,805,13187000000,map,0.46156564354896545,-1.290469765663147,1.0865610837936401,0.4022965475341987,-0.11600048666530614,-0.2250493564309225,-0.8798035561802087
13196000000,806,13196000000,map,0.4641962945461273,-1.2837951183319092,1.0915149450302124,0.4089942928918832,-0.12031541779557868,-0.2250114031938384,-0.8761379815449433
13206000000,807,13205000000,map,0.4668252170085907,-1.2765096426010132,1.0961710214614868,0.4158399420777045,-0.12490795968028039,-0.22487185497841883,-0.8723003002537839
13215000000,808,13215000000,map,0.4694645404815674,-1.2685948610305786,1.1005275249481201,0.4247264048886961,-0.13106657308852568,-0.22470200317891997,-0.867143717632173
13223000000,809,13223000000,map,0.4721111059188843,-1.26006019115448,1.1045705080032349,0.43107796656942426,-0.13598764965736973,-0.22437863148372011,-0.8633269201044508
13233000000,810,13232000000,map,0.47477471828460693,-1.250858187675476,1.1083157062530518,0.4374276421786815,-0.1412529711481387,-0.2238624801034314,-0.8594127633566683
13242000000,811,13242000000,map,0.477475106716156,-1.2409288883209229,1.1117587089538574,0.44173086702178016,-0.14495684673198822,-0.22343932574438208,-0.8567007822423862
13250000000,812,13250000000,map,0.4802241623401642,-1.2302435636520386,1.1149835586547852,0.4482478234727771,-0.15085609897120955,-0.2226340891301572,-0.8524966130300003
13259000000,813,13259000000,map,0.48296433687210083,-1.2190688848495483,1.1178138256072998,0.4564988593221942,-0.15947088319669991,-0.2210668374948554,-0.8469399514488998
13269000000,814,13269000000,map,0.48575884103775024,-1.207135558128357,1.1203116178512573,0.4622319265377371,-0.16629968417982902,-0.21955675805955854,-0.8429003024596762
13278000000,815,13278000000,map,0.488629549741745,-1.1943631172180176,1.1224628686904907,0.46802906749972867,-0.17349591085156396,-0.21772943929552024,-0.8387143617592712
13286000000,816,13286000000,map,0.4915812015533447,-1.1807602643966675,1.1242352724075317,0.4720030306255481,-0.17832848957524733,-0.21639643984424195,-0.8358138788650242
13295000000,817,13295000000,map,0.49453142285346985,-1.1667792797088623,1.1256998777389526,0.4782071310200487,-0.1857488637240753,-0.21428275431799632,-0.8312028661239627
13305000000,818,13305000000,map,0.49757376313209534,-1.1519947052001953,1.1267807483673096,0.48655400880297955,-0.1952482260061123,-0.21151431750013394,-0.8248667407265016
13313000000,819,13313000000,map,0.5006850957870483,-1.1365700960159302,1.1274614334106445,0.49329473340943303,-0.20209623541545024,-0.2095290323478768,-0.8197042575460993
13322000000,820,13322000000,map,0.5038939714431763,-1.1203771829605103,1.1277400255203247,0.5001462620806215,-0.2087515915802449,-0.20764508929286413,-0.8143464447962732
13332000000,821,13332000000,map,0.507209062576294,-1.103419542312622,1.1275906562805176,0.5045678142009146,-0.2130705371978381,-0.20643998445339218,-0.8107989024102626
13340000000,822,13340000000,map,0.5106318593025208,-1.0857141017913818,1.1269876956939697,0.5109373409758204,-0.21930907156757212,-0.20474519645449624,-0.8055594380110551
13349000000,823,13349000000,map,0.5141563415527344,-1.0673084259033203,1.12590754032135,0.5190193784994209,-0.22771563982470655,-0.20240438156162552,-0.7986218770853437
13359000000,824,13359000000,map,0.5178093314170837,-1.0480940341949463,1.124333381652832,0.5246941882336097,-0.23412568025774355,-0.2004792821090419,-0.7935296105545604
13367000000,825,13367000000,map,0.5215836763381958,-1.0281497240066528,1.1222593784332275,0.5301505929988148,-0.24070177927391342,-0.19841804833576818,-0.7884373440237772
13377000000,826,13377000000,map,0.5254608988761902,-1.0076038837432861,1.1197013854980469,0.5335424238530018,-0.2449058220457538,-0.19709689214892143,-0.7851793294136122
13386000000,827,13386000000,map,0.5274444222450256,-0.9897474050521851,1.1183042526245117,0.5387791381703441,-0.2513152934963359,-0.19503852436134642,-0.7800755146463371
13394000000,828,13394000000,map,0.5295893549919128,-0.9711199402809143,1.1163500547409058,0.5459618567771312,-0.25966950483090767,-0.19248339274379764,-0.7729473235248109
13404000000,829,13404000000,map,0.531919002532959,-0.9516023397445679,1.1138710975646973,0.5510878934702839,-0.26587928451324516,-0.19059125212674957,-0.7676492960795975
13412000000,830,13412000000,map,0.5344057083129883,-0.9313774704933167,1.110823392868042,0.5527334434134068,-0.2679956779745075,-0.18992630129779323,-0.7658930790489971
13421000000,831,13421000000,map,0.5370798110961914,-0.9102916717529297,1.1071500778198242,0.5589591335310571,-0.27644653203271485,-0.18718504919722043,-0.7590149873265344
13431000000,832,13431000000,map,0.5399283766746521,-0.8884554505348206,1.1028633117675781,0.5632944637360089,-0.28270447502618806,-0.18502641405703799,-0.7540177619391433
13440000000,833,13440000000,map,0.542993426322937,-0.8656633496284485,1.0979160070419312,0.5673419941859041,-0.28894945786374426,-0.1827654674420953,-0.7491515921771967
13448000000,834,13448000000,map,0.5462274551391602,-0.8422211408615112,1.092377781867981,0.5724904635391767,-0.2971864904227436,-0.1796707507964859,-0.7427336808202003
13458000000,835,13458000000,map,0.5496861338615417,-0.8178638219833374,1.086178183555603,0.5763561935580201,-0.3035751729402977,-0.1771461756441076,-0.7377498792040598
13467000000,836,13467000000,map,0.5533405542373657,-0.7927578687667847,1.0793273448944092,0.5815399398234962,-0.3123847704363176,-0.1735411028098798,-0.730828776622692
13475000000,837,13475000000,map,0.5571964383125305,-0.7668914794921875,1.0718029737472534,0.5827855688578114,-0.31459138976352974,-0.1726128395448516,-0.7291076889903252
13485000000,838,13485000000,map,0.5612507462501526,-0.7403160333633423,1.063602328300476,0.5873472803228275,-0.32357238795573123,-0.16872738480090496,-0.7223955715572987
13493000000,839,13493000000,map,0.5655124187469482,-0.7130453586578369,1.0547311305999756,0.5903121952117354,-0.33030655872724124,-0.16574332470606093,-0.7176059826190964
13502000000,840,13502000000,map,0.5700281858444214,-0.6848722696304321,1.0451056957244873,0.5928239787955907,-0.3371059412101097,-0.16259455472723625,-0.7130795586029961
13512000000,841,13512000000,map,0.5747503638267517,-0.6560562252998352,1.0349059104919434,0.5947649886834872,-0.34413942836303196,-0.15902798303912316,-0.7088955777310469
13520000000,842,13520000000,map,0.5797016024589539,-0.6265546083450317,1.0239989757537842,0.5963164773974459,-0.3512808957418392,-0.15515864946473204,-0.7049356284323574
13530000000,843,13529000000,map,0.5849031209945679,-0.5963096022605896,1.0123549699783325,0.5976525219585291,-0.35821355709641123,-0.15129487927434435,-0.7011450251709845
13539000000,844,13539000000,map,0.5903784036636353,-0.5652589201927185,0.9999338984489441,0.5989158421325067,-0.36484569034767633,-0.14762719729665355,-0.6974193912765914
13547000000,845,13547000000,map,0.5961469411849976,-0.5333867073059082,0.9867333769798279,0.6000317642405297,-0.3712196846885244,-0.14418063875967516,-0.6938081228556324
13557000000,846,13557000000,map,0.602143406867981,-0.5010698437690735,0.9729235768318176,0.600636487222964,-0.375361708372781,-0.1419888972699874,-0.6915046500705423
13566000000,847,13566000000,map,0.6085107326507568,-0.46768152713775635,0.9583139419555664,0.6014814788520468,-0.38144624869476834,-0.13884739762253087,-0.688069892651147
13574000000,848,13574000000,map,0.615295946598053,-0.4330565333366394,0.9427136182785034,0.6027043169780297,-0.3892300235081694,-0.1350695648562569,-0.6833767146289134
13584000000,849,13584000000,map,0.6223049163818359,-0.3981388211250305,0.9265539050102234,0.6037893981296548,-0.3946865547139202,-0.13259219417421084,-0.6797649615191965
13593000000,850,13593000000,map,0.6296550631523132,-0.3624528646469116,0.9096270799636841,0.605002268525965,-0.39997879750417553,-0.1302190947953807,-0.6760415192609259
13601000000,851,13601000000,map,0.6373253464698792,-0.3260868489742279,0.8919491171836853,0.6059146002822561,-0.4033807857488536,-0.12869748819701612,-0.6734898015381066
13611000000,852,13610000000,map,0.6453346014022827,-0.28893038630485535,0.873504638671875,0.607394249692928,-0.4082657319318117,-0.12648989949228825,-0.6696205733308367
13620000000,853,13620000000,map,0.6536410450935364,-0.2511591613292694,0.8542875647544861,0.6088184022408233,-0.41312306139228305,-0.1240972229023248,-0.6657848729415572
13628000000,854,13628000000,map,0.6622228622436523,-0.21287798881530762,0.8343442678451538,0.6105514174313184,-0.4196935654143132,-0.12049362520779486,-0.6607311707771615
13637000000,855,13637000000,map,0.6712138056755066,-0.17358548939228058,0.8134081363677979,0.6117292427230918,-0.42484130773444884,-0.1174312773418418,-0.6568920564931526
13647000000,856,13647000000,map,0.6804868578910828,-0.1338302493095398,0.7917662858963013,0.6128506228479969,-0.43003057523708,-0.11427331935004179,-0.6530157054684844
13656000000,857,13656000000,map,0.6901162266731262,-0.09334977716207504,0.7692629098892212,0.6135726510465491,-0.43351859573628093,-0.11218382611484148,-0.6503884605931336
13664000000,858,13664000000,map,0.7000802755355835,-0.052253276109695435,0.7459893822669983,0.6146886416432008,-0.43881330938553015,-0.10907846738998303,-0.6462992679834854
13673000000,859,13673000000,map,0.7103798985481262,-0.01051254291087389,0.7218576669692993,0.6161164715036287,-0.44592611690734996,-0.10490300018143303,-0.640738644598625
13683000000,860,13683000000,map,0.7209992408752441,0.031792052090168,0.6969042420387268,0.6172888440468759,-0.4512527041107855,-0.10178630395432522,-0.6363686275373486
13692000000,861,13692000000,map,0.7319798469543457,0.07475803792476654,0.6710789799690247,0.6186823979827523,-0.45644813559001135,-0.09886438938761047,-0.6317539269470422
13700000000,862,13700000000,map,0.7432779669761658,0.11817028373479843,0.6445164680480957,0.6197140738089579,-0.4598333651940502,-0.09703226588284189,-0.6285639162769497
13709000000,863,13709000000,map,0.7550531029701233,0.1625840812921524,0.6168610453605652,0.6218935084188805,-0.46652971970573387,-0.09344626449756524,-0.6219858679690362
13719000000,864,13719000000,map,0.76715487241745,0.20742852985858917,0.5884859561920166,0.6236352216652371,-0.47139519931303603,-0.0910312079310425,-0.616910923792991
13728000000,865,13728000000,map,0.7796711325645447,0.25297534465789795,0.5591702461242676,0.6253459833197186,-0.47616173392510286,-0.08880783523154731,-0.611821733982149
13736000000,866,13736000000,map,0.7924754023551941,0.2988153398036957,0.529169499874115,0.6263819844662527,-0.4792767758884066,-0.0874062628577418,-0.6085226261946859
13745000000,867,13745000000,map,0.8057416081428528,0.34553229808807373,0.49808934330940247,0.6276586915329887,-0.4839114172064146,-0.08530772912353582,-0.6038187850197791
13755000000,868,13755000000,map,0.8193967342376709,0.392823189496994,0.46612972021102905,0.6286844088484862,-0.48847791233873666,-0.08317663694885527,-0.5993554126890512
13764000000,869,13764000000,map,0.8336080312728882,0.44123169779777527,0.4329032301902771,0.629828537734875,-0.49446005689226674,-0.0802736252436976,-0.5936171403377173
13772000000,870,13772000000,map,0.8480038642883301,0.4895566403865814,0.39919397234916687,0.6307305277082128,-0.49880669825768775,-0.07814550442183707,-0.5892912721002561
13781000000,871,13781000000,map,0.8591373562812805,0.5378779768943787,0.36682483553886414,0.6313632572714825,-0.5016616204086943,-0.07676852473413762,-0.586364047030629
13791000000,872,13791000000,map,0.8706443905830383,0.586717426776886,0.3335103690624237,0.6323872623712593,-0.5059818357000989,-0.07486723825096273,-0.5817764890107637
13800000000,873,13800000000,map,0.8825642466545105,0.6362373232841492,0.2991238832473755,0.6335700557228009,-0.51025587911896,-0.0732640564273053,-0.5769403910252296
13808000000,874,13808000000,map,0.8948889970779419,0.6863366961479187,0.26373931765556335,0.6351506521040124,-0.5160723918261984,-0.07114849536630102,-0.5702552686486742
13817000000,875,13817000000,map,0.907113790512085,0.7371435165405273,0.2298453450202942,0.6365052254733723,-0.5213476020212992,-0.07012186135684842,-0.5640395989442574
13827000000,876,13827000000,map,0.9169169664382935,0.788776159286499,0.20611917972564697,0.6457543935259364,-0.5454800866885153,-0.08135675710357909,-0.5280473072074394
13836000000,877,13836000000,map,0.932522714138031,0.8380993008613586,0.19531488418579102,0.6725840499585392,-0.5591715062323476,-0.07398995159920846,-0.4790443465555812
13844000000,878,13844000000,map,0.9481956958770752,0.8883877992630005,0.18347255885601044,0.7232591973617792,-0.5807456666582403,-0.06532478081632338,-0.3679176371583777
13853000000,879,13853000000,map,0.9638218283653259,0.9384151697158813,0.17043155431747437,0.7534179016493558,-0.5910352928865688,-0.05836447112912815,-0.28219218008253816
13863000000,880,13863000000,map,0.979745090007782,0.9891328811645508,0.15578600764274597,0.7767485372552961,-0.5966333268678388,-0.049844485702650924,-0.19546340674118473
13871000000,881,13871000000,map,0.9956396818161011,1.0397611856460571,0.13966521620750427,0.7887576389990357,-0.5978470402011191,-0.043147830894671675,-0.13630329267422395
13881000000,882,13880000000,map,1.011520504951477,1.090407371520996,0.12210184335708618,0.8012530837644545,-0.5957077504644032,-0.031552300370301434,-0.046155535371530367
13890000000,883,13890000000,map,1.0273305177688599,1.1409739255905151,0.1029876172542572,0.8069742023484445,-0.5886853057857907,-0.01809660815019075,0.04375783276988201
13898000000,884,13898000000,map,1.0430567264556885,1.1914653778076172,0.0822872593998909,0.8043688632976073,-0.5719363905319405,0.001942748445397539,0.16085897911569416
13908000000,885,13907000000,map,1.0482765436172485,1.2164289951324463,0.08712006360292435,0.8009923949697025,-0.5605110542502132,0.012089022705228249,0.20998219526306605
13917000000,886,13917000000,map,1.0510013103485107,1.2347463369369507,0.09619151800870895,0.8021382518768803,-0.5547426995857546,0.01606667368029239,0.22040123338974715
13925000000,887,13925000000,map,1.0534924268722534,1.25258207321167,0.1043633371591568,0.8029708839426372,-0.5510498137926543,0.018611964008713795,0.22635241054633387
13934000000,888,13934000000,map,1.0555484294891357,1.269289493560791,0.11164077371358871,0.804856818436242,-0.5438590240643772,0.023565714921865953,0.23636321429833848
13944000000,889,13944000000,map,1.0571823120117188,1.2848420143127441,0.1181502565741539,0.8063083769723816,-0.5389100357451069,0.026984013996917765,0.24231123044128688
13952000000,890,13952000000,map,1.0583992004394531,1.2992533445358276,0.12391946464776993,0.8078283925272148,-0.5343063038721254,0.03043456594779252,0.24698964652982955
13962000000,891,13961000000,map,1.0592522621154785,1.3127191066741943,0.12895835936069489,0.8094817607107365,-0.5300187576566728,0.03389970070825208,0.25034047903712753
13970000000,892,13970000000,map,1.0595906972885132,1.324599027633667,0.13321661949157715,0.8106539804716579,-0.5273365849010002,0.03619362723215449,0.251885835384628
13979000000,893,13979000000,map,1.0595747232437134,1.335453748703003,0.13680997490882874,0.8130856745066303,-0.5225980252596325,0.04076038578227963,0.2532224173180297
13989000000,894,13989000000,map,1.0591347217559814,1.3449342250823975,0.13967961072921753,0.8150709807323118,-0.5194308371080086,0.04430638980831945,0.25276059322547156
13998000000,895,13998000000,map,1.0584421157836914,1.3534551858901978,0.1414055973291397,0.8172165503494557,-0.5166008869647446,0.048014764568247485,0.2509488055751095
14006000000,896,14006000000,map,1.0573416948318481,1.3605470657348633,0.14239056408405304,0.8187356070634855,-0.5148979014038135,0.05061721655996181,0.248978008402028
14015000000,897,14015000000,map,1.0558936595916748,1.3663179874420166,0.14262667298316956,0.8210770014755233,-0.5126799129642154,0.05448101836048589,0.24499756519825003
14025000000,898,14025000000,map,1.0541051626205444,1.3708336353302002,0.14205332100391388,0.8234675812597734,-0.5109222945509022,0.05809871417584273,0.23975854334095184
14033000000,899,14033000000,map,1.052003264427185,1.3741389513015747,0.14074069261550903,0.8258663164592102,-0.5096827662729088,0.06132087235463696,0.23325535837270578
14042000000,900,14042000000,map,1.0496220588684082,1.3763039112091064,0.13857750594615936,0.8291953906559644,-0.5085561177919399,0.06546081503824837,0.2225324361999051
14052000000,901,14051000000,map,1.046984314918518,1.3773880004882812,0.1355215162038803,0.8318264603578176,-0.5079796226612957,0.06877248785492367,0.21281880460839478
14061000000,902,14061000000,map,1.0441110134124756,1.3773623704910278,0.13163475692272186,0.8335945101161375,-0.5077579407748406,0.07097885430104471,0.20558259111413513
14069000000,903,14069000000,map,1.0410194396972656,1.3762425184249878,0.1268807053565979,0.8369532451575313,-0.5078866045666321,0.07488754776358895,0.18961142746092446
14078000000,904,14078000000,map,1.0377358198165894,1.3741121292114258,0.12117715924978256,0.8393608944154283,-0.508387087855987,0.07766736423054922,0.1760215133333748
14088000000,905,14088000000,map,1.0343278646469116,1.371120810508728,0.11454685032367706,0.8416318403701801,-0.5091487762389879,0.08033828114349148,0.16114939987789256
14096000000,906,14096000000,map,1.030849575996399,1.3674168586730957,0.10674077272415161,0.8430907640680968,-0.5097845509120627,0.08194575931151893,0.1503415597078765
14105000000,907,14105000000,map,1.0273144245147705,1.3629786968231201,0.09776600450277328,0.8451342224080112,-0.5108881134567598,0.0841909324684064,0.1328664331807592
14115000000,908,14115000000,map,1.0237435102462769,1.3578141927719116,0.08774179965257645,0.8468918302846125,-0.5122085742206061,0.08623711454840571,0.11392878466853354
14123000000,909,14123000000,map,1.020294189453125,1.3523892164230347,0.07645124942064285,0.8482599275239882,-0.5137810626018354,0.0878876282707576,0.0935946362215751
14132000000,910,14132000000,map,1.0189459323883057,1.346448302268982,0.06565168499946594,0.8499210507276359,-0.516168059903962,0.08303622669867483,0.06564801355863208
14142000000,911,14142000000,map,1.0195225477218628,1.3400624990463257,0.05546414852142334,0.8514266415235663,-0.5186608563325631,0.06048058866024176,0.049048934302504996
14151000000,912,14151000000,map,1.0200564861297607,1.3336865901947021,0.04365577921271324,0.8520213967763278,-0.5211973590430699,0.036234899862831065,0.03316658229091317
14159000000,913,14159000000,map,1.0204905271530151,1.3274283409118652,0.030345767736434937,0.8516502727017652,-0.5237084472039248,0.01019910138317209,0.017811138325603385
14168000000,914,14168000000,map,1.0204918384552002,1.3249391317367554,0.0247389767318964,0.8508033633910751,-0.5253022829639249,-0.008649103449343222,0.010783799508843787
14178000000,915,14178000000,map,1.0194979906082153,1.3243396282196045,0.026109928265213966,0.8507976841032383,-0.5253139471042503,-0.008521381129243815,0.010765824124908082
14186000000,916,14186000000,map,1.019573450088501,1.3296053409576416,0.029850441962480545,0.8507927529219625,-0.5253229243829831,-0.008477497287275055,0.010761673730464584
14195000000,917,14195000000,map,1.0196959972381592,1.3348034620285034,0.03353932499885559,0.8507844710662301,-0.5253377811470832,-0.008315473441706413,0.010816643263726536
14205000000,918,14205000000,map,1.0198602676391602,1.3399392366409302,0.037175893783569336,0.8507842497952753,-0.5253358950756123,-0.008144731619304972,0.011054452575909954
14214000000,919,14214000000,map,1.020066499710083,1.3450134992599487,0.04076316952705383,0.8507812889791675,-0.525338181542144,-0.007980808696011438,0.011282227974697492
14222000000,920,14222000000,map,1.0203076601028442,1.3500282764434814,0.04429752379655838,0.8507940278641299,-0.5253139787143867,-0.0077568520321895625,0.011608039083391022
14232000000,921,14231000000,map,1.020611047744751,1.3549901247024536,0.04779208451509476,0.85080838940276,-0.5252873102959914,-0.007630357979915607,0.011839385275136971
14241000000,922,14241000000,map,1.0209614038467407,1.3599088191986084,0.0512499175965786,0.8508122247659745,-0.5252789230731376,-0.007534343013832362,0.012001119031849843
14249000000,923,14249000000,map,1.0213390588760376,1.3647762537002563,0.054653674364089966,0.8508132573637631,-0.5252719899165577,-0.00738053714517884,0.012316917629844003
14258000000,924,14258000000,map,1.02175772190094,1.3695822954177856,0.05800376459956169,0.8508037005658633,-0.525283232588398,-0.007256237857113862,0.012569943929973376
14268000000,925,14268000000,map,1.0222163200378418,1.374365210533142,0.06131115183234215,0.8507967357991468,-0.5252901130614174,-0.0071489800545542085,0.01281112202658738
14277000000,926,14277000000,map,1.0227164030075073,1.3791276216506958,0.0645766630768776,0.8507942491350846,-0.5252894808586898,-0.007047460808837118,0.013057949117990861
14285000000,927,14285000000,map,1.0232566595077515,1.3838709592819214,0.06780125200748444,0.8507817209843648,-0.5253063079879576,-0.006991047910649793,0.013224637928217924
14294000000,928,14294000000,map,1.023836374282837,1.388596773147583,0.07103238999843597,0.8507767265828162,-0.5253094479281717,-0.0068935935309082244,0.013472976708539475
14304000000,929,14304000000,map,1.0244678258895874,1.3933069705963135,0.07422450184822083,0.850763429252111,-0.5253245997202114,-0.00676488495809005,0.013779443566219395
14313000000,930,14313000000,map,1.0251394510269165,1.3980035781860352,0.07737492024898529,0.850748825369102,-0.5253435868754656,-0.0066901846081883,0.01399035331088524
14321000000,931,14321000000,map,1.025857925415039,1.4027003049850464,0.08049634844064713,0.8507307865179394,-0.525368032047602,-0.006604622554444137,0.014213834340936225
14330000000,932,14330000000,map,1.02660071849823,1.4073725938796997,0.08356518298387527,0.8507175207973705,-0.525386439683689,-0.006570195823200325,0.014343718415701149
14340000000,933,14340000000,map,1.0273915529251099,1.4120451211929321,0.08660387992858887,0.8506986179358135,-0.5254120860410079,-0.006513916280275867,0.014545906396903271
14348000000,934,14348000000,map,1.0282084941864014,1.4166978597640991,0.08959349244832993,0.850681495778606,-0.5254344344074309,-0.00644750865209089,0.014774009092311278
14357000000,935,14357000000,map,1.0290769338607788,1.421360731124878,0.09255963563919067,0.8506637098085342,-0.5254591324606581,-0.0064029423110576675,0.014937999845689135
14367000000,936,14367000000,map,1.0299742221832275,1.4260119199752808,0.09548407793045044,0.8506508444830263,-0.5254768868205933,-0.006367868889107016,0.015060837494218644
14376000000,937,14376000000,map,1.0309169292449951,1.4306602478027344,0.09837692975997925,0.8506350499515469,-0.5254990876730465,-0.006342609426686577,0.01518427540606718
14384000000,938,14384000000,map,1.0318892002105713,1.4352976083755493,0.10123024880886078,0.8506167898294295,-0.525525692871169,-0.00632452645304188,0.015292692246960882
14394000000,939,14393000000,map,1.0329021215438843,1.4399398565292358,0.10405600070953369,0.8505966857826899,-0.5255557435741574,-0.006291126721958266,0.015391360324230663
14403000000,940,14403000000,map,1.0339452028274536,1.4445768594741821,0.10685475170612335,0.8505730308639631,-0.5255912839041641,-0.006275752012602647,0.015493749836515055
14411000000,941,14411000000,map,1.0350209474563599,1.449212908744812,0.10961862653493881,0.850552389444905,-0.5256223777416529,-0.006253535355081342,0.015581203230086143
14420000000,942,14420000000,map,1.0361340045928955,1.4538516998291016,0.11235233396291733,0.8505401668588367,-0.5256407537676038,-0.006241963081714817,0.0156324422733465
14430000000,943,14430000000,map,1.0372751951217651,1.4584839344024658,0.11504893004894257,0.8505256261961005,-0.5256622065134958,-0.006225898546987086,0.015708784703978906
14438000000,944,14438000000,map,1.0384551286697388,1.4631216526031494,0.11771544814109802,0.8505041102299357,-0.5256960293594257,-0.006209816560829893,0.0157448390279742
14447000000,945,14447000000,map,1.039674162864685,1.4677562713623047,0.12035264074802399,0.8504815405925581,-0.5257304001143864,-0.006210744450041641,0.01581979785659533
14457000000,946,14457000000,map,1.0409237146377563,1.4723886251449585,0.12295842170715332,0.8504643657517899,-0.525756931555524,-0.006197302568816953,0.01586084855777269
14466000000,947,14466000000,map,1.0422329902648926,1.4770663976669312,0.1255597472190857,0.8504404263418357,-0.5257943579570017,-0.0062100025996534,0.01589827166652782
14474000000,948,14474000000,map,1.0435588359832764,1.4817277193069458,0.12811866402626038,0.8504227773490217,-0.5258227122493373,-0.006211600228629766,0.015910221615169678
14483000000,949,14483000000,map,1.044910192489624,1.4863873720169067,0.13064701855182648,0.8504053496271625,-0.5258500866274451,-0.006207442507878616,0.015935086609429834
14493000000,950,14493000000,map,1.0462894439697266,1.4910467863082886,0.13314808905124664,0.8503870473581966,-0.525879599958115,-0.006205859366881425,0.01593985710584566
14501000000,951,14501000000,map,1.0476839542388916,1.495680332183838,0.1356080025434494,0.8503617908592265,-0.525919945028852,-0.006209354921129798,0.01595453474583958
14510000000,952,14510000000,map,1.0491201877593994,1.5003235340118408,0.13804617524147034,0.8503468392647172,-0.5259437474615485,-0.0062273618328838225,0.015962466585165976
14520000000,953,14520000000,map,1.050592064857483,1.5049781799316406,0.14046388864517212,0.8503322459184204,-0.5259671073523358,-0.006234036181472227,0.015966671391849447
14529000000,954,14529000000,map,1.052103877067566,1.5096545219421387,0.1428644359111786,0.8503086858301028,-0.5260054188376322,-0.006227214318914036,0.015962010872366452
14537000000,955,14537000000,map,1.053627848625183,1.5143085718154907,0.14522753655910492,0.8502903203408642,-0.5260358383255448,-0.00623706482766444,0.01593208265865667
14547000000,956,14546000000,map,1.055185317993164,1.5189778804779053,0.14757263660430908,0.850272903155717,-0.5260643822786989,-0.006243243950782842,0.015917007916324437
14556000000,957,14556000000,map,1.0567755699157715,1.5236616134643555,0.14989924430847168,0.8502625982512562,-0.5260807563293453,-0.006252476415512507,0.01591867041193484
14564000000,958,14564000000,map,1.0584172010421753,1.5283915996551514,0.15222518146038055,0.8502536947295082,-0.5260956447035818,-0.006254729625546569,0.01590092033253893
14574000000,959,14573000000,map,1.060035228729248,1.533041000366211,0.15448498725891113,0.850231651927737,-0.5261322703149378,-0.00626382577156308,0.015868754055318766
14583000000,960,14583000000,map,1.0594112873077393,1.5340943336486816,0.15536142885684967,0.8502150566061357,-0.5261596552297577,-0.006269335484189118,0.015848851193926258
14591000000,961,14591000000,map,1.058832049369812,1.5351910591125488,0.15622635185718536,0.8501793687621592,-0.526221474119811,-0.006278910062790678,0.0157013102238133
14601000000,962,14601000000,map,1.0583044290542603,1.5363380908966064,0.1570829600095749,0.8501427536875154,-0.5262870019325334,-0.0063108046904012975,0.015476874304225743
14609000000,963,14609000000,map,1.0578283071517944,1.5375385284423828,0.15798674523830414,0.8501248307401861,-0.5263201820390236,-0.006327815224314746,0.015327070904455613
14618000000,964,14618000000,map,1.0573910474777222,1.5387682914733887,0.1588723212480545,0.8500759614693377,-0.5264075735294109,-0.006356233395467723,0.015018025845026942
14628000000,965,14628000000,map,1.0569974184036255,1.5400328636169434,0.15974313020706177,0.8500409374382252,-0.5264698244246616,-0.006386365428702727,0.014804144088996569
14636000000,966,14636000000,map,1.0566596984863281,1.5413562059402466,0.16060970723628998,0.8500041537761873,-0.526535520824778,-0.006409562658996418,0.01456945397287521
14645000000,967,14645000000,map,1.056354284286499,1.542702555656433,0.16145941615104675,0.849988949300587,-0.5265634536486284,-0.006440303187356797,0.01442823338367762
14655000000,968,14655000000,map,1.0560989379882812,1.5440993309020996,0.16230645775794983,0.8499584876658257,-0.5266182761618291,-0.006471806968801929,0.014205244615646352
14663000000,969,14663000000,map,1.0558761358261108,1.5455211400985718,0.16314122080802917,0.8499175314657853,-0.526691938316314,-0.006508613350625337,0.01391045473990973
14672000000,970,14672000000,map,1.0556919574737549,1.5469781160354614,0.16396686434745789,0.8498809901481263,-0.5267561279665961,-0.006538552101047247,0.013691658595488536
14682000000,971,14682000000,map,1.0555493831634521,1.5484793186187744,0.16478879749774933,0.8498525410253815,-0.5268073363875367,-0.006552770076974594,0.013479770582956078
14691000000,972,14691000000,map,1.0554511547088623,1.5500284433364868,0.16560611128807068,0.8498226272996509,-0.5268608523484335,-0.006581344323175964,0.013266604994078137
14699000000,973,14699000000,map,1.0553845167160034,1.551598072052002,0.16640909016132355,0.8498051679676553,-0.5268918829656497,-0.006610773360148697,0.013134998825424838
14709000000,974,14708000000,map,1.0553619861602783,1.5532151460647583,0.16721148788928986,0.8497695222705273,-0.5269542497647336,-0.006628067726745084,0.012931657732789236
14718000000,975,14718000000,map,1.0553958415985107,1.5549037456512451,0.16802266240119934,0.8497398192790391,-0.5270076392850848,-0.006649408190798519,0.012692884311446133
14726000000,976,14726000000,map,1.055448055267334,1.5565813779830933,0.1688106656074524,0.8497201683109209,-0.5270428002934551,-0.006676213915723701,0.01252675559332311
14735000000,977,14735000000,map,1.0555444955825806,1.5583086013793945,0.16960179805755615,0.8496990000562563,-0.5270799000568568,-0.006713216543810488,0.012384877118162042
14745000000,978,14745000000,map,1.0556761026382446,1.5600663423538208,0.17038770020008087,0.8496830158639586,-0.5271079382478286,-0.006732310054002685,0.012283494520430357
14753000000,979,14753000000,map,1.0558459758758545,1.5618607997894287,0.17116941511631012,0.8496633543591283,-0.5271425197370319,-0.00675328058067876,0.012141393951133972
14762000000,980,14762000000,map,1.0560457706451416,1.563677430152893,0.17194080352783203,0.8496403843266898,-0.5271828542710567,-0.0067786276295187615,0.011984913568597405
14772000000,981,14772000000,map,1.056296944618225,1.5655573606491089,0.17271916568279266,0.8496242104735737,-0.527211587885029,-0.006778975999563483,0.011866584315769547
14780000000,982,14780000000,map,1.056588053703308,1.5674785375595093,0.1734963208436966,0.8496164133065992,-0.527225369904492,-0.006790826014076251,0.011798366842640504
14789000000,983,14789000000,map,1.056917428970337,1.5694423913955688,0.17427188158035278,0.8496018304970143,-0.5272509951883867,-0.0068014017449660735,0.011703230045658654
14799000000,984,14799000000,map,1.0572898387908936,1.571449637413025,0.1750500500202179,0.8495860043553985,-0.5272777795106154,-0.006817159891861464,0.011632169965160907
14807000000,985,14807000000,map,1.0576943159103394,1.5734914541244507,0.17582476139068604,0.8495662796302955,-0.5273114969894241,-0.006832665322301917,0.011543016868214712
14816000000,986,14816000000,map,1.0581406354904175,1.5755844116210938,0.17660197615623474,0.8495544995861367,-0.5273312849348,-0.006832493112913081,0.011500967155018747
14826000000,987,14826000000,map,1.0586192607879639,1.5777112245559692,0.17737796902656555,0.8495439839474332,-0.5273491341251444,-0.006830092224273102,0.011454961071054946
14835000000,988,14835000000,map,1.0591480731964111,1.5799055099487305,0.17816467583179474,0.8495278838513021,-0.5273761924018884,-0.006837133711424708,0.011408316034282277
14843000000,989,14843000000,map,1.0597012042999268,1.5821160078048706,0.1789419949054718,0.849506589156092,-0.5274113955571071,-0.006834816128664989,0.011366034348783373
14852000000,990,14852000000,map,1.0602924823760986,1.5843720436096191,0.17971962690353394,0.8494927017695075,-0.5274343866629697,-0.00682908234627011,0.0113413723508678
14862000000,991,14862000000,map,1.0609239339828491,1.5866751670837402,0.18049779534339905,0.8494781400333471,-0.5274584735868937,-0.006836255213051058,0.011305226159913646
14871000000,992,14871000000,map,1.0615907907485962,1.5890122652053833,0.1812741458415985,0.8494640313758081,-0.5274820231384991,-0.006823710269446242,0.011274163603288864
14879000000,993,14879000000,map,1.0623018741607666,1.5914092063903809,0.18205790221691132,0.8494623455018676,-0.5274850577115919,-0.006818926272868001,0.011262576183398654
14888000000,994,14888000000,map,1.0630412101745605,1.5938371419906616,0.18284034729003906,0.8494533576864226,-0.5274996932047373,-0.0068262512634302925,0.011248250864716506
14898000000,995,14898000000,map,1.0638203620910645,1.5963168144226074,0.18362921476364136,0.8494450863674023,-0.527513359320367,-0.00682283407597837,0.011232796800747675
14906000000,996,14906000000,map,1.0646321773529053,1.5988314151763916,0.18441857397556305,0.8494426839970373,-0.5275171103898845,-0.006823506779193275,0.011235570919487552
14915000000,997,14915000000,map,1.0654852390289307,1.60139799118042,0.18521389365196228,0.8494366253875638,-0.5275269622157238,-0.006829953600654173,0.011224893608107375
14924000000,998,14924000000,map,1.06636381149292,1.6039937734603882,0.1860070824623108,0.8494285437293619,-0.5275400172020501,-0.006824000029029754,0.011228726666416089
14934000000,999,14934000000,map,1.0672880411148071,1.6066614389419556,0.18681229650974274,0.8494239075760257,-0.5275476036347821,-0.006804081856477436,0.011241655047560677
14942000000,1000,14942000000,map,1.0682504177093506,1.6093748807907104,0.18762367963790894,0.8494084186091979,-0.5275725334956763,-0.006810175533445927,0.011233468516145817
14951000000,1001,14951000000,map,1.0692312717437744,1.6121019124984741,0.18842904269695282,0.8493976290159791,-0.5275898137035657,-0.006801480934943158,0.011239513131548463
14961000000,1002,14961000000,map,1.070253849029541,1.614885687828064,0.18924377858638763,0.8493901058035199,-0.5276017201882701,-0.006810234802451645,0.01125228049856085
14969000000,1003,14969000000,map,1.0713317394256592,1.6177541017532349,0.190078005194664,0.8493816658971056,-0.5276152177165058,-0.006801082186243575,0.011264031731397423
14978000000,1004,14978000000,map,1.0724507570266724,1.6206772327423096,0.19091889262199402,0.8493715190433266,-0.5276313494227732,-0.006793431710058212,0.011272234067880475
14988000000,1005,14988000000,map,1.0711045265197754,1.6192407608032227,0.19035062193870544,0.8493610876983202,-0.5276475127391772,-0.006801915738954554,0.011298461919999902
14996000000,1006,14996000000,map,1.069814682006836,1.6178892850875854,0.18979881703853607,0.8493470949446146,-0.5276725479671927,-0.006811171252741996,0.011168132998419835
15005000000,1007,15005000000,map,1.068601369857788,1.6166609525680542,0.18927788734436035,0.8493270541181476,-0.5277079302465175,-0.006847051062442673,0.010998247283878772
15014000000,1008,15014000000,map,1.0674399137496948,1.615509033203125,0.18877379596233368,0.8493129454606086,-0.5277332499657605,-0.006862106706984174,0.0108742907682302
15024000000,1009,15024000000,map,1.0663434267044067,1.6144648790359497,0.1882956176996231,0.8492834532033631,-0.5277842371157465,-0.006888310522229061,0.010680414935807835
15032000000,1010,15032000000,map,1.0653005838394165,1.6135048866271973,0.1878371238708496,0.8492499253853727,-0.5278427158680554,-0.0069228352119684354,0.0104302814570659
15041000000,1011,15041000000,map,1.0643157958984375,1.6126354932785034,0.18740084767341614,0.8492303797843758,-0.5278775186282132,-0.00693806767571033,0.01024662491831841
15051000000,1012,15051000000,map,1.0633885860443115,1.6118557453155518,0.1869855672121048,0.8492111924315912,-0.5279123003149468,-0.006944909129967636,0.010043433150649993
15060000000,1013,15060000000,map,1.062516212463379,1.6111630201339722,0.18658775091171265,0.8491910251645788,-0.5279476404474233,-0.006980939746360639,0.009861783855562833
15068000000,1014,15068000000,map,1.0616955757141113,1.6105473041534424,0.1862071454524994,0.8491660531568361,-0.5279905670126317,-0.007005826884179878,0.009696965229420379
15077000000,1015,15077000000,map,1.0609335899353027,1.6100242137908936,0.18585047125816345,0.8491460228670813,-0.5280259387552444,-0.007018418996035079,0.009510970446079231
15087000000,1016,15087000000,map,1.0602236986160278,1.6095702648162842,0.18550999462604523,0.8491244331439315,-0.5280634599871312,-0.007042553088209439,0.009330113297717112
15096000000,1017,15096000000,map,1.0595711469650269,1.6092077493667603,0.18519257009029388,0.8491045503681465,-0.5280982627472891,-0.0070641324392831445,0.00915535254281958
15104000000,1018,15104000000,map,1.058964490890503,1.6089149713516235,0.18489186465740204,0.8490848677898919,-0.5281319380792493,-0.007070153758673821,0.009032731967023514
15113000000,1019,15113000000,map,1.0584112405776978,1.608709692955017,0.18461297452449799,0.8490656066801224,-0.5281653605301184,-0.007093773115997128,0.008873696102523719
15123000000,1020,15123000000,map,1.0579026937484741,1.6085753440856934,0.18434913456439972,0.8490377160031204,-0.5282129759322236,-0.007124857733862929,0.008672396168590609
15131000000,1021,15131000000,map,1.0574477910995483,1.6085277795791626,0.18410520255565643,0.8490227433351868,-0.5282394968366491,-0.0071275897057542946,0.008532514400377746
15140000000,1022,15140000000,map,1.0570363998413086,1.608547568321228,0.1838766485452652,0.8490015118602495,-0.5282753954148682,-0.0071350873172957435,0.008405833403781586
15150000000,1023,15150000000,map,1.0566765069961548,1.6086541414260864,0.18367063999176025,0.8489895948388331,-0.528295910393381,-0.007132763066772881,0.008324359182752662
15159000000,1024,15159000000,map,1.0563652515411377,1.6088290214538574,0.18348196148872375,0.8489736633300959,-0.528323052963822,-0.007140613575852543,0.008212466543945827
15167000000,1025,15167000000,map,1.056106686592102,1.6090930700302124,0.18331541121006012,0.8489517891157188,-0.5283601843373601,-0.007157734415971078,0.008066044440951933
15176000000,1026,15176000000,map,1.05588960647583,1.6094228029251099,0.18316437304019928,0.8489369955718915,-0.5283853460059211,-0.00717335937223973,0.007974203494596408
15186000000,1027,15186000000,map,1.055726408958435,1.6098394393920898,0.18303453922271729,0.8489210113795937,-0.5284122040851347,-0.007187697018051887,0.007877634713161465
15195000000,1028,15195000000,map,1.0556035041809082,1.6103246212005615,0.18292120099067688,0.8489058385141298,-0.5284374921942411,-0.007203063248646965,0.0078057521928913106
15203000000,1029,15203000000,map,1.0555284023284912,1.6108932495117188,0.18282894790172577,0.8488973775342912,-0.5284517694391743,-0.007210405875854361,0.007744963410505053
15212000000,1030,15212000000,map,1.0554994344711304,1.611534833908081,0.18275541067123413,0.8488674321984242,-0.5285007651505681,-0.007224768628675885,0.007670550618178617
15222000000,1031,15222000000,map,1.0555193424224854,1.6122536659240723,0.18270157277584076,0.8488527650951424,-0.5285249574416133,-0.00722895071557383,0.00762255951643163
15230000000,1032,15230000000,map,1.0555843114852905,1.613042950630188,0.18266870081424713,0.8488462007234868,-0.52853573649812,-0.007231662931129956,0.007600987903255895
15239000000,1033,15239000000,map,1.0556820631027222,1.6138792037963867,0.18265070021152496,0.8488366123154506,-0.5285519841082209,-0.0072340406472350596,0.00754783772267434
15249000000,1034,15249000000,map,1.0558383464813232,1.6148167848587036,0.18266260623931885,0.8488217871614869,-0.528576081568857,-0.007236890796996335,0.0075153767776561286
