%time,field.header.seq,field.header.stamp,field.header.frame_id,field.twist.linear.x,field.twist.linear.y,field.twist.linear.z,field.twist.angular.x,field.twist.angular.y,field.twist.angular.z
11084000000,586,11083000000,base_link,-0.030919184908270836,-0.002040920313447714,-0.07800516486167908,0.0017455914366340595,-0.000778798990880978,-0.003095769038877398
11093000000,587,11093000000,base_link,-0.03044716641306877,-0.002218431793153286,-0.07823406159877777,0.0008227035857038208,0.0011605539436343557,-0.001514782042300852
11102000000,588,11102000000,base_link,-0.030515430495142937,-0.002596922218799591,-0.0785757377743721,0.00218836915029026,-0.0008761840057851731,0.002577278717468011
11110000000,589,11110000000,base_link,-0.03038392774760723,-0.0028795399703085423,-0.07878095656633377,-0.0008901255757203754,0.00025862310076240177,0.002384898612242989
11120000000,590,11119000000,base_link,-0.030550967901945114,-0.0030443184077739716,-0.07891006767749786,0.0020599673938436805,0.000992766658364126,0.00038552819099632075
11129000000,591,11129000000,base_link,-0.030349543318152428,-0.0031891674734652042,-0.07923796027898788,-0.0005579430354160887,0.0015829423107638666,-0.00138497101126835
11137000000,592,11137000000,base_link,-0.030307317152619362,-0.0032546373549848795,-0.07956075668334961,0.0007183475473040775,-0.00013501342231525353,-0.002329359126711293
11146000000,593,11146000000,base_link,-0.03039846010506153,-0.0033580344170331955,-0.07994788885116577,-0.0012585341876125578,2.6706644347320124e-05,0.00030141823805601513
11156000000,594,11156000000,base_link,-0.030430348590016365,-0.0032708938233554363,-0.0802803635597229,0.004259140347885035,-0.001113413310134812,0.004921829105461957
11164000000,595,11164000000,base_link,-0.030515382066369057,-0.003437556093558669,-0.0801892876625061,0.002668384973223057,-0.0006590576456989571,0.003145759098203857
11173000000,596,11173000000,base_link,-0.030553674325346947,-0.003383943811058998,-0.0802893415093422,0.000838510027145827,0.0002544502268758336,-0.0013099860319756608
11183000000,597,11183000000,base_link,-0.03028298169374466,-0.0034895846620202065,-0.08064791560173035,0.0020173608528584125,-0.0007063136690550813,-0.00030428259623449717
11191000000,598,11191000000,base_link,-0.03018990345299244,-0.003575364127755165,-0.08075334876775742,0.000731225613298259,-0.0026026529970350886,-0.0012573289555639646
11200000000,599,11200000000,base_link,-0.03021322190761566,-0.0035255555994808674,-0.0810154378414154,0.0010618546718236597,0.0013258529882039425,0.0012976876659423835
11210000000,600,11210000000,base_link,-0.030300309881567955,-0.0033883678261190653,-0.08134495466947556,-0.0006757316588314562,0.001283484675857978,-0.00030544972448117694
11218000000,601,11218000000,base_link,-0.029913105070590973,-0.0035304876510053873,-0.08174660801887512,-6.779919296662485e-05,0.0019381690780997446,-0.0007415140370302693
11227000000,602,11227000000,base_link,-0.02983175404369831,-0.0034568840637803078,-0.08208206295967102,0.001138175087028845,-0.002008298120308472,0.0034592906471759867
11236000000,603,11236000000,base_link,-0.02966568060219288,-0.003531250637024641,-0.08246917277574539,0.0018157351323502503,-0.0020174750572425596,-0.0013297159217177548
11243000000,604,11243000000,base_link,-0.029640035703778267,-0.003745574038475752,-0.08231809735298157,0.001217171689693626,-0.002103060047197385,0.0002220066689149606
11253000000,605,11253000000,base_link,-0.029594337567687035,-0.0035640117712318897,-0.0824078917503357,0.002877008886130571,-2.9279619983751128e-05,-3.8391690061690514e-05
11261000000,606,11261000000,base_link,-0.029869962483644485,-0.0036732321605086327,-0.08272948116064072,-0.0009039769713478807,0.0007031095136968144,-0.0008868970268153864
11270000000,607,11270000000,base_link,-0.02980923093855381,-0.0037356195971369743,-0.08261925727128983,-0.00041652298101217764,0.0020626698242796624,4.3048982096343755e-05
11280000000,608,11279000000,base_link,-0.029654016718268394,-0.0036366661079227924,-0.08299992978572845,-1.6772832343893944e-05,0.004100018388882244,0.0004755276812123566
11289000000,609,11289000000,base_link,-0.029768170788884163,-0.0036768638528883457,-0.08319417387247086,0.0006799904635997579,2.5984525147185446e-05,-0.0009546658904305574
11297000000,610,11297000000,base_link,-0.029776206240057945,-0.0039295051246881485,-0.08345770090818405,0.0006181705776876988,-0.0006759148748918315,9.08441519955374e-05
11306000000,611,11306000000,base_link,-0.02969161979854107,-0.004011425189673901,-0.08362468332052231,7.513710294531981e-05,-0.0004211995931869438,-0.0015053941165771925
11316000000,612,11316000000,base_link,-0.02955872006714344,-0.0037515501026064157,-0.08374051004648209,0.00013469268669523817,-0.003014821836003373,-0.0014901218270034552
11324000000,613,11324000000,base_link,-0.029994387179613113,-0.0038210139609873295,-0.08419149369001389,0.0024333276964780912,-0.003337578318364166,0.0005157834214641668
11333000000,614,11333000000,base_link,-0.029650714248418808,-0.0037540269549936056,-0.08432561904191971,0.002097228651454274,-0.00045277284005691975,0.0005060999001703299
11343000000,615,11343000000,base_link,-0.029907146468758583,-0.0038327681832015514,-0.08448491245508194,0.0018233143499846178,-0.0003063431215530655,0.0036615448950995857
11352000000,616,11352000000,base_link,-0.03007018007338047,-0.003924416843801737,-0.08467911928892136,7.363595959934832e-05,0.00014268222729814638,-0.0025452943032679767
11360000000,617,11360000000,base_link,-0.02995315194129944,-0.004214355256408453,-0.0852498859167099,0.0037664498663739156,0.004546019913233483,-0.001904878517916712
11370000000,618,11369000000,base_link,-0.029901478439569473,-0.0044319648295640945,-0.08567271381616592,0.002434538914780129,0.0021543650935769232,-0.001698504496213823
11379000000,619,11379000000,base_link,-0.0296496395021677,-0.004387599881738424,-0.08549177646636963,-0.001703000922882068,-0.002999692008679593,0.00046329478281241645
11387000000,620,11387000000,base_link,-0.02907923050224781,-0.0042295814491808414,-0.08521642535924911,0.0006309190035771386,-0.0005927352915604996,-0.0009473595272036551
11396000000,621,11396000000,base_link,-0.02873125858604908,-0.0038424187805503607,-0.08538158237934113,0.0005635368016369868,0.000934023469727346,0.00034588124029749244
11406000000,622,11406000000,base_link,-0.02850976027548313,-0.003918997943401337,-0.0855206623673439,0.0004635561368925225,-0.00283008840627215,-0.0029231179860098877
11415000000,623,11415000000,base_link,-0.027842866256833076,-0.0024503194727003574,-0.07988684624433517,-0.004002122140370965,-0.002487501128274197,-0.0009661859620050462
11424000000,624,11424000000,base_link,-0.026529932394623756,-0.001380540314130485,-0.06673285365104675,-0.035586129538368864,0.009322595282222651,0.002752460510732301
11432000000,625,11432000000,base_link,-0.025438090786337852,-0.000688439526129514,-0.054560765624046326,-0.05973929936145006,0.02771259431181746,0.0048711145386293574
11442000000,626,11441000000,base_link,-0.024677854031324387,-0.00036332174204289913,-0.04554761201143265,-0.0636502499195345,0.059980311919473915,-0.002131380761933067
11451000000,627,11451000000,base_link,-0.02424437738955021,2.6994093786925077e-05,-0.036936551332473755,-0.007923278199521702,0.10222164835341385,-0.01477735794398815
11459000000,628,11459000000,base_link,-0.022798437625169754,-0.0008574582170695066,-0.02659689076244831,0.06359105078424121,0.10832560992306008,-0.018185410406537265
11468000000,629,11468000000,base_link,-0.020501364022493362,-0.002354284282773733,-0.011491711251437664,0.1549087001852392,0.09083191482120787,-0.016174424439442975
11478000000,630,11478000000,base_link,-0.020570052787661552,-0.0036360404919832945,0.001279337564483285,0.25356313487354315,0.06082533830524078,-0.009771918077453052
11487000000,631,11487000000,base_link,-0.01983899250626564,-0.004151447676122189,0.011425603181123734,0.4080682874782527,-0.0572993177050923,-0.017527469129965702
11495000000,632,11495000000,base_link,-0.018810391426086426,-0.004584334325045347,0.02856380119919777,0.46481045420393674,-0.14671455443131964,-0.01848705271305989
11505000000,633,11505000000,base_link,-0.018424710258841515,-0.005840087775141001,0.046663522720336914,0.4398004046605805,-0.18446080005917367,-0.01835773833238008
11514000000,634,11514000000,base_link,-0.018167538568377495,-0.007535662967711687,0.059949539601802826,0.4465831899284252,-0.17726075333993038,-0.020554440931724104
11522000000,635,11522000000,base_link,-0.018243983387947083,-0.00957566313445568,0.07104305177927017,0.561837412270466,-0.1735170289234697,-0.01483356318818136
11532000000,636,11532000000,base_link,-0.0183442123234272,-0.012239387258887291,0.082888163626194,0.6493297969136971,-0.2350210505469845,-0.014764534854118487
11541000000,637,11541000000,base_link,-0.029969051480293274,-0.025996144860982895,0.10468690097332001,0.7201058815028071,-0.3313515404040647,-0.016947573347937978
11549000000,638,11549000000,base_link,-0.03240646421909332,-0.033125683665275574,0.11479952186346054,0.6744283486644486,-0.2739004528470777,-0.020796154541143048
11559000000,639,11559000000,base_link,-0.03574838489294052,-0.04266773909330368,0.12414912134408951,0.6796799169830273,-0.2024399601091403,-0.018870589231577112
11568000000,640,11568000000,base_link,-0.036167535930871964,-0.05133657902479172,0.13202239573001862,0.7218741659487972,-0.21530692599915352,-0.0117856608032
11576000000,641,11576000000,base_link,-0.036298297345638275,-0.06033128872513771,0.14531557261943817,0.7577808623082871,-0.22704624227997283,-0.016675158321340883
11585000000,642,11585000000,base_link,-0.03620285913348198,-0.06638969480991364,0.1578141748905182,0.8136918383486871,-0.24749654474259236,-0.02258030094955497
11595000000,643,11595000000,base_link,-0.03724422678351402,-0.07219818979501724,0.1675107479095459,0.8318647991812769,-0.2761762276446343,-0.03245072960200717
11603000000,644,11603000000,base_link,-0.039013106375932693,-0.07985543459653854,0.17575429379940033,0.8362993886303737,-0.2891660798082222,-0.040961344496099165
11612000000,645,11612000000,base_link,-0.04100348427891731,-0.08821704238653183,0.18586429953575134,0.8280292927511272,-0.28339089477765617,-0.06338193902884763
11622000000,646,11622000000,base_link,-0.0433809757232666,-0.09749433398246765,0.19895194470882416,0.7846205850313565,-0.2651511576486723,-0.0632665260799832
11630000000,647,11630000000,base_link,-0.04572948068380356,-0.10694848746061325,0.20613595843315125,0.7075877125819817,-0.29381072206838266,-0.053126733770492054
11639000000,648,11639000000,base_link,-0.048665691167116165,-0.11673925071954727,0.20927169919013977,0.6915194274943264,-0.34492436463850773,-0.03634821956967104
11649000000,649,11649000000,base_link,-0.05192837864160538,-0.12707436084747314,0.21217241883277893,0.6963272386531695,-0.34696877636245277,-0.025150033176062028
11657000000,650,11657000000,base_link,-0.05548933893442154,-0.13802677392959595,0.2171277105808258,0.6982482616558645,-0.290298780141884,-0.0017395168646617658
11666000000,651,11666000000,base_link,-0.05892472341656685,-0.14956875145435333,0.22058506309986115,0.6795870730013529,-0.2050570605840506,0.022913439296998434
11676000000,652,11676000000,base_link,-0.06275507062673569,-0.16194485127925873,0.2267579585313797,0.5658694442600853,-0.07725395076919755,0.04130704430929949
11684000000,653,11684000000,base_link,-0.06632571667432785,-0.1748449206352234,0.23562583327293396,0.49744091384606975,0.0005781927786267819,0.04750750941168172
11693000000,654,11693000000,base_link,-0.06973643600940704,-0.18784767389297485,0.24416399002075195,0.44210005805893904,0.061353025697653274,0.04877592820297301
11703000000,655,11703000000,base_link,-0.07323359698057175,-0.20143918693065643,0.2518441379070282,0.39598428862856216,0.10391080655396956,0.05955587649688669
11712000000,656,11712000000,base_link,-0.0764731615781784,-0.2153991162776947,0.2616567313671112,0.4182702710239204,0.16947255093950572,0.08106651265846349
11720000000,657,11720000000,base_link,-0.07978776097297668,-0.22989986836910248,0.2713305652141571,0.4506588246735315,0.2148710891069606,0.09648445032698473
11729000000,658,11729000000,base_link,-0.08261094987392426,-0.24417880177497864,0.279234915971756,0.4564009923172658,0.25960328679208106,0.11201298057101017
11738000000,659,11738000000,base_link,-0.08536005020141602,-0.2590453624725342,0.2890143096446991,0.44891533197581357,0.38636198134894745,0.15191483488717142
11748000000,660,11748000000,base_link,-0.08744551241397858,-0.274526447057724,0.29926660656929016,0.4166252824114428,0.4904764078717243,0.18409994767031929
11757000000,661,11757000000,base_link,-0.08895741403102875,-0.2906157374382019,0.3112609088420868,0.3665366010706971,0.6011620023651767,0.19076188872460614
11765000000,662,11765000000,base_link,-0.08972866833209991,-0.30694204568862915,0.32396024465560913,0.24361926938813117,0.6836835849922376,0.1859605637081579
11774000000,663,11774000000,base_link,-0.09030506759881973,-0.3221619129180908,0.32941919565200806,0.08633973170514227,0.761666602639702,0.18300707511277303
11784000000,664,11784000000,base_link,-0.08970275521278381,-0.3362759053707123,0.3318188488483429,0.021515620625264083,0.7904463079773364,0.18085394046391484
11793000000,665,11793000000,base_link,-0.08844055980443954,-0.3507215976715088,0.3343316316604614,-0.0552458939451095,0.7765091869229038,0.176062168760666
11801000000,666,11801000000,base_link,-0.08653856068849564,-0.3645974099636078,0.3350523114204407,-0.15154746490672216,0.7428526404543339,0.16417849219595743
11811000000,667,11811000000,base_link,-0.08332348614931107,-0.3789098262786865,0.34161677956581116,-0.2712925552366797,0.6942929027518929,0.17311486605430798
11820000000,668,11820000000,base_link,-0.0799705758690834,-0.39270085096359253,0.34563663601875305,-0.26685437051191974,0.6692677532228645,0.18411053061925467
11828000000,669,11828000000,base_link,-0.07659456878900528,-0.40564173460006714,0.3445439040660858,-0.22165257429117452,0.6672621274645115,0.18669694974806106
11838000000,670,11837000000,base_link,-0.07241693884134293,-0.4188978374004364,0.34739363193511963,-0.175795053602789,0.7109729904462119,0.18741425237794107
11847000000,671,11847000000,base_link,-0.06786419451236725,-0.43197736144065857,0.34930309653282166,-0.10708953289977798,0.7715462718632421,0.18186142063778568
11855000000,672,11855000000,base_link,-0.06235361471772194,-0.44499191641807556,0.3515717387199402,-0.08612460684143602,0.7745137815082781,0.18635657028788621
11864000000,673,11864000000,base_link,-0.05595802888274193,-0.45840221643447876,0.35749655961990356,-0.06999140438473961,0.730147443289394,0.18083164924558703
11874000000,674,11874000000,base_link,-0.04861927032470703,-0.47203579545021057,0.36671826243400574,-0.06073105300372365,0.6889419489664594,0.17432195245059792
11883000000,675,11883000000,base_link,-0.04089708253741264,-0.48549196124076843,0.37433546781539917,-0.0353601474358588,0.6068953221301497,0.15761027318457999
11891000000,676,11891000000,base_link,-0.03299417719244957,-0.4989330768585205,0.38125044107437134,0.02550159560175424,0.5537107220279086,0.15284157457204792
11900000000,677,11900000000,base_link,-0.024837836623191833,-0.5120751857757568,0.3859952986240387,0.12007454396542151,0.5047393203003154,0.1426236328062746
11910000000,678,11910000000,base_link,-0.015964124351739883,-0.5252712965011597,0.3909004032611847,0.254041116826856,0.42756775150150667,0.11623159334239726
11918000000,679,11918000000,base_link,-0.0062406607903540134,-0.5393354892730713,0.3989076614379883,0.3266373326010823,0.3650124181099483,0.0991309571843137
11928000000,680,11927000000,base_link,0.0040822867304086685,-0.5541478991508484,0.4103042185306549,0.45322148159200326,0.21932804565559416,0.07297540013114392
11937000000,681,11937000000,base_link,0.014651305042207241,-0.5696594715118408,0.42383134365081787,0.487168673112037,0.11725790252605527,0.06167183703670265
11945000000,682,11945000000,base_link,0.024872172623872757,-0.5855526924133301,0.43578606843948364,0.4090544911042157,0.06746446247646393,0.07494174222912614
11954000000,683,11954000000,base_link,0.0352143719792366,-0.6012949347496033,0.44614824652671814,0.32080541944493185,0.0738211610646549,0.0901982435315762
11963000000,684,11963000000,base_link,0.04493481293320656,-0.6167156100273132,0.4536372423171997,0.2606182004241914,0.10208702563170677,0.09622912058144932
11973000000,685,11973000000,base_link,0.05494605377316475,-0.6324891448020935,0.46095362305641174,0.19630417274338582,0.10169585344473872,0.09659824844191738
11981000000,686,11981000000,base_link,0.06463844329118729,-0.6480563879013062,0.4675171971321106,0.10967097279346838,0.05699996987174698,0.10628034135133894
11990000000,687,11990000000,base_link,0.07393704354763031,-0.6630894541740417,0.4709268808364868,0.05458094016764692,-0.0027211746471428842,0.11749373003053266
12000000000,688,11999000000,base_link,0.08302266150712967,-0.6781113743782043,0.4745595157146454,0.07445258967709087,-0.005182886824289093,0.11951175132930715
12009000000,689,12009000000,base_link,0.09241119027137756,-0.6935681104660034,0.47873738408088684,0.09238904247703783,-0.019050618751491614,0.12859723775691909
12017000000,690,12017000000,base_link,0.10146329551935196,-0.7081673741340637,0.47972071170806885,0.13304293578122678,-0.04758957419932889,0.13131192391102875
12026000000,691,12026000000,base_link,0.11044172197580338,-0.7230514883995056,0.4821735620498657,0.22875915238284641,-0.13979551376831853,0.11884072045050927
12036000000,692,12036000000,base_link,0.11914961785078049,-0.738352358341217,0.4854477643966675,0.3102690774555001,-0.26354777010136904,0.09783148334634861
12044000000,693,12044000000,base_link,0.1272500604391098,-0.7536199688911438,0.486356258392334,0.3111715757356521,-0.288463827290563,0.10148517570466035
12053000000,694,12053000000,base_link,0.13547033071517944,-0.7695095539093018,0.48787903785705566,0.3325364678773889,-0.24218551419902642,0.12884518514496235
12063000000,695,12062000000,base_link,0.14379814267158508,-0.785424530506134,0.4902890622615814,0.33868261006091316,-0.1518874452859061,0.1472124911542027
12072000000,696,12072000000,base_link,0.15231803059577942,-0.8019789457321167,0.49502789974212646,0.3143365183156865,-0.07335116118984861,0.17913274509300725
12080000000,697,12080000000,base_link,0.16138096153736115,-0.8192601799964905,0.5042334198951721,0.32961551701186304,-0.04123810370134015,0.20661400236543268
12089000000,698,12089000000,base_link,0.17020969092845917,-0.8367298245429993,0.5123207569122314,0.3966479138419984,-0.04770248961950558,0.2193592939600948
12099000000,699,12099000000,base_link,0.17829523980617523,-0.8538963794708252,0.5161919593811035,0.4393369352980052,-0.03600854219858851,0.23507367097196658
12107000000,700,12107000000,base_link,0.18633544445037842,-0.8715555667877197,0.5211428999900818,0.475193874005681,-0.024376825703557453,0.24034517011295412
12116000000,701,12116000000,base_link,0.19469420611858368,-0.8898600339889526,0.5267351269721985,0.5165624481526307,0.009224391604279597,0.24823723336911507
12126000000,702,12125000000,base_link,0.20336441695690155,-0.9086997509002686,0.5341393947601318,0.45994130452604454,0.04261347191941389,0.26167698634436537
12135000000,703,12135000000,base_link,0.21244479715824127,-0.9281269311904907,0.5440787076950073,0.36034890394297237,0.04556108224621597,0.2846959492813383
12143000000,704,12143000000,base_link,0.22157612442970276,-0.9481229782104492,0.5531937479972839,0.32305853336500945,0.015481295854492746,0.29051586934800183
12153000000,705,12153000000,base_link,0.23070426285266876,-0.967536449432373,0.5612813830375671,0.23547221740505975,-0.07137738737773881,0.28838288421258174
12162000000,706,12162000000,base_link,0.2393123060464859,-0.986393928527832,0.5664535164833069,0.20613910287780113,-0.08423905392548403,0.3002972861130852
12170000000,707,12170000000,base_link,0.24744872748851776,-1.005202293395996,0.5675948858261108,0.1347103866946688,-0.09338006515862662,0.33042319403233344
12180000000,708,12179000000,base_link,0.25585460662841797,-1.0228044986724854,0.5692916512489319,0.04702554125465409,-0.07295124926107953,0.37589653723128896
12189000000,709,12189000000,base_link,0.26396873593330383,-1.040428638458252,0.5695405006408691,0.0001506192094045261,-0.025723227427903506,0.4177224021430801
12197000000,710,12197000000,base_link,0.2723201811313629,-1.0582942962646484,0.5713120102882385,-0.0201163577484844,-0.0001312897751616915,0.44274666858496997
12206000000,711,12206000000,base_link,0.28122106194496155,-1.0761312246322632,0.5748611092567444,-0.048796851358043715,0.06267522405145444,0.49376124306404473
12216000000,712,12216000000,base_link,0.2893334627151489,-1.0932552814483643,0.5741492509841919,-0.03851659433898444,0.0891632351256599,0.5163010470625189
12224000000,713,12224000000,base_link,0.29771536588668823,-1.1106020212173462,0.575105607509613,0.03342103634073974,0.04006941367022861,0.5157457641920186
12233000000,714,12233000000,base_link,0.30630964040756226,-1.128195881843567,0.5774402618408203,0.07111457012987768,-0.015007404824122786,0.5072103832099478
12243000000,715,12243000000,base_link,0.3150436580181122,-1.145654559135437,0.5812612175941467,0.12675288991755007,-0.05667953590551656,0.48325165786269025
12252000000,716,12252000000,base_link,0.3244249224662781,-1.1642810106277466,0.5882359743118286,0.1333337143039235,-0.04497489955902381,0.47770056391616866
12260000000,717,12260000000,base_link,0.3328975737094879,-1.181570291519165,0.5894182920455933,0.051606899951491904,-0.07183081791190375,0.45912638745827394
12269000000,718,12269000000,base_link,0.34154707193374634,-1.1989549398422241,0.5881208777427673,-0.014096871540629996,-0.14542350951492816,0.44720011316469255
12279000000,719,12279000000,base_link,0.35014912486076355,-1.2155753374099731,0.5883340835571289,-0.025994667849705035,-0.2013493040858414,0.45252893889467277
12287000000,720,12287000000,base_link,0.3580453097820282,-1.2319241762161255,0.5868918895721436,-0.010323522631995985,-0.21502712847315064,0.46058576490388675
12296000000,721,12296000000,base_link,0.3664492666721344,-1.2492847442626953,0.5903846621513367,-0.012149232260990926,-0.2467614722766809,0.48075427337596655
12306000000,722,12305000000,base_link,0.3754781186580658,-1.2678213119506836,0.6014074683189392,-0.07054741665571054,-0.2599507743951022,0.5049792860229674
12315000000,723,12315000000,base_link,0.38419610261917114,-1.285887360572815,0.6102021336555481,-0.09371862034526778,-0.23179601177864673,0.5307862997496074
12323000000,724,12323000000,base_link,0.3927153944969177,-1.303065299987793,0.616026759147644,-0.10869205586815382,-0.211915618052337,0.5414855771195286
12332000000,725,12332000000,base_link,0.4010158181190491,-1.320404291152954,0.6233353614807129,-0.1596559305414184,-0.16029573521393192,0.5657968851396502
12342000000,726,12342000000,base_link,0.4097362756729126,-1.3377982378005981,0.6300116181373596,-0.2530213013570479,-0.1426677244732001,0.5769254938610295
12350000000,727,12350000000,base_link,0.4181300103664398,-1.3544094562530518,0.6370569467544556,-0.3429920433343673,-0.15660094621628495,0.5819372673406723
12360000000,728,12359000000,base_link,0.4270876944065094,-1.371462345123291,0.6481292843818665,-0.4037734308513498,-0.17799923707331178,0.6013795086894203
12369000000,729,12369000000,base_link,0.4358128011226654,-1.3878155946731567,0.6599448919296265,-0.46115085817490864,-0.20879180569787045,0.6202793618504462
12377000000,730,12377000000,base_link,0.44422274827957153,-1.4029569625854492,0.6685397624969482,-0.520563299316022,-0.22976024649034338,0.6307601196268781
12387000000,731,12386000000,base_link,0.45234450697898865,-1.4172419309616089,0.6752719879150391,-0.6228460233012656,-0.2876044592122388,0.6295986736802897
12396000000,732,12396000000,base_link,0.4601442515850067,-1.430972933769226,0.6818441152572632,-0.7086705584614785,-0.2948345312865689,0.6278035522003904
12404000000,733,12404000000,base_link,0.4678296148777008,-1.44382643699646,0.6888169646263123,-0.7630967394359162,-0.24489626790460037,0.636099982032962
12413000000,734,12413000000,base_link,0.47445252537727356,-1.4545224905014038,0.6875161528587341,-0.8351765964817389,-0.2431004106001622,0.650612532382996
12423000000,735,12423000000,base_link,0.4811246991157532,-1.465187668800354,0.6895208358764648,-0.85568033658336,-0.29337414062357825,0.6535074493848666
12432000000,736,12432000000,base_link,0.4881158471107483,-1.4751545190811157,0.6966885924339294,-0.8716707414133245,-0.3802735985160247,0.6421915710277382
12440000000,737,12440000000,base_link,0.49429067969322205,-1.4843873977661133,0.7010306715965271,-0.8697648692340305,-0.4405218554354184,0.6176083050399954
12449000000,738,12449000000,base_link,0.49998044967651367,-1.4920305013656616,0.7018531560897827,-0.9005903796977278,-0.4848512674377666,0.6006778504961714
12459000000,739,12459000000,base_link,0.5051770806312561,-1.499303936958313,0.7032992243766785,-0.9047488485187594,-0.5513151493000096,0.5889671525931979
12468000000,740,12468000000,base_link,0.5100051164627075,-1.5058326721191406,0.7056301832199097,-0.8888829784078955,-0.6184397714462335,0.5850381058694977
12476000000,741,12476000000,base_link,0.514435887336731,-1.5116426944732666,0.7070308923721313,-0.8457696708614793,-0.637112679024039,0.589452907713181
12485000000,742,12485000000,base_link,0.5189446210861206,-1.517123818397522,0.7147513628005981,-0.7465959510835818,-0.6535814457201318,0.5841809771265022
12495000000,743,12495000000,base_link,0.5222063064575195,-1.5214858055114746,0.7182126045227051,-0.6705995216942797,-0.6548725168333839,0.5685623523540582
12504000000,744,12504000000,base_link,0.5250844955444336,-1.5253621339797974,0.7219444513320923,-0.6410758416102496,-0.6191005164490232,0.5550142275315543
12512000000,745,12512000000,base_link,0.5274120569229126,-1.5290948152542114,0.725348949432373,-0.6314606414922712,-0.603948924887555,0.5501293257035395
12522000000,746,12521000000,base_link,0.5296400189399719,-1.5316976308822632,0.7273505926132202,-0.5921564838241125,-0.5757720850931954,0.5305358877903263
12531000000,747,12531000000,base_link,0.530913233757019,-1.5345379114151,0.7368370294570923,-0.5864269654542855,-0.5245964740928639,0.5063810607757513
12539000000,748,12539000000,base_link,0.5322253704071045,-1.536083698272705,0.744971513748169,-0.6441607446503563,-0.5136992074381954,0.4848758138377976
12548000000,749,12548000000,base_link,0.5330447554588318,-1.537448525428772,0.7504549026489258,-0.6912475036895748,-0.4878153824839437,0.4634987305875171
12558000000,750,12558000000,base_link,0.5331373810768127,-1.5382493734359741,0.750686764717102,-0.6772975297372351,-0.4879160418688043,0.45433184374842267
12567000000,751,12567000000,base_link,0.5331335067749023,-1.538614273071289,0.7584118247032166,-0.6328182446267678,-0.4791062622023963,0.436174637136813
12575000000,752,12575000000,base_link,0.5329244136810303,-1.5382757186889648,0.7658688426017761,-0.5700733099837746,-0.4837664128481189,0.4133762771022619
12584000000,753,12584000000,base_link,0.5329578518867493,-1.5372419357299805,0.7765902876853943,-0.5458407005029919,-0.47845483126565735,0.39305678076318096
12594000000,754,12594000000,base_link,0.5326219201087952,-1.5357820987701416,0.7850798964500427,-0.5541275357786994,-0.4637855290989121,0.3911393967460542
12602000000,755,12602000000,base_link,0.531630277633667,-1.5340228080749512,0.7913610339164734,-0.552339995095053,-0.4518019283009314,0.38580663312251945
12611000000,756,12611000000,base_link,0.5303234457969666,-1.5317410230636597,0.7982317805290222,-0.5599747613120554,-0.45224233503043276,0.37924205847574616
12620000000,757,12620000000,base_link,0.5285321474075317,-1.528998613357544,0.8015527129173279,-0.6272318135911205,-0.47926058160737556,0.3821092927294011
12630000000,758,12630000000,base_link,0.5264570713043213,-1.5253229141235352,0.8056864142417908,-0.7387034901357955,-0.530848524533154,0.38837100834473903
12638000000,759,12638000000,base_link,0.5238321423530579,-1.5212527513504028,0.8101807832717896,-0.7783730151279618,-0.5459418423804547,0.3989173632909663
12647000000,760,12647000000,base_link,0.5202968716621399,-1.5164575576782227,0.8132506012916565,-0.8827464256652658,-0.5712958498871915,0.41963031345096513
12657000000,761,12656000000,base_link,0.5166738033294678,-1.510940432548523,0.8143287897109985,-0.9483384937946642,-0.5350536549260018,0.40112483681735195
12666000000,762,12666000000,base_link,0.5126728415489197,-1.504402995109558,0.8185992240905762,-1.0324939583482742,-0.48118097091883766,0.3810541117824758
12674000000,763,12674000000,base_link,0.5081230401992798,-1.4969185590744019,0.8225916624069214,-1.150101090079296,-0.40379747340957145,0.3520750506212585
12683000000,764,12683000000,base_link,0.5035821795463562,-1.4883939027786255,0.829494297504425,-1.1924042266481751,-0.28331619176272205,0.34967385528801675
12693000000,765,12693000000,base_link,0.49828919768333435,-1.4782319068908691,0.8399781584739685,-1.2312736974828262,-0.21834561655397705,0.3702222164025727
12701000000,766,12701000000,base_link,0.49317440390586853,-1.4678313732147217,0.8447149395942688,-1.2538636725084646,-0.19696627358249696,0.381050172572771
12710000000,767,12710000000,base_link,0.4880240857601166,-1.4563215970993042,0.8513634204864502,-1.2217338143300391,-0.16197453376329468,0.3902632893855471
12720000000,768,12720000000,base_link,0.48218488693237305,-1.443189024925232,0.8605809211730957,-1.2197297459624852,-0.15097393187403657,0.38985454274050807
12728000000,769,12728000000,base_link,0.476815402507782,-1.4301154613494873,0.8644264936447144,-1.2652761462346362,-0.17471721912928928,0.39027565669977676
12738000000,770,12737000000,base_link,0.4709511995315552,-1.4156031608581543,0.8685062527656555,-1.3011386203095883,-0.1656423985841483,0.3985358653294622
12747000000,771,12747000000,base_link,0.4651172459125519,-1.4006836414337158,0.8672095537185669,-1.3744281338431363,-0.11069286057543296,0.4174609092266345
12755000000,772,12755000000,base_link,0.459450364112854,-1.3848339319229126,0.8657205104827881,-1.4928254462813686,-0.0961126415610836,0.45051773249834365
12765000000,773,12764000000,base_link,0.4537169635295868,-1.3682246208190918,0.8637226819992065,-1.5994369093374035,-0.10299711173816199,0.4864080176831674
12774000000,774,12774000000,base_link,0.44792547821998596,-1.350785493850708,0.858144223690033,-1.7259599285317422,-0.14651911257011058,0.5144865460771825
12782000000,775,12782000000,base_link,0.4416808784008026,-1.3310056924819946,0.8567554354667664,-1.7515150093293474,-0.13034748564835352,0.5176871756487819
12792000000,776,12791000000,base_link,0.43464329838752747,-1.3089721202850342,0.8567628860473633,-1.7541310320276327,-0.1274712176354095,0.5298451268319962
12801000000,777,12801000000,base_link,0.4278108775615692,-1.285770058631897,0.8576231002807617,-1.7718611350907614,-0.13674851947095393,0.5396702450983138
12809000000,778,12809000000,base_link,0.42031604051589966,-1.2590101957321167,0.8660697340965271,-1.7565252846583326,-0.06921203454613534,0.52636330315547
12819000000,779,12819000000,base_link,0.4130568504333496,-1.231624722480774,0.8716537356376648,-1.734367032095661,-0.009606239646927889,0.511003100941758
12828000000,780,12828000000,base_link,0.4058668315410614,-1.2038689851760864,0.8725998997688293,-1.7383188489288477,0.021765796622972844,0.48716253633544476
12836000000,781,12836000000,base_link,0.3986250162124634,-1.1736564636230469,0.8752148151397705,-1.7631958603109061,0.038558221676363025,0.4776056690665289
12846000000,782,12846000000,base_link,0.39146459102630615,-1.14260995388031,0.8775593042373657,-1.8005982948741912,0.10454351777135146,0.45692227901646737
12855000000,783,12855000000,base_link,0.38437867164611816,-1.1118823289871216,0.8745285868644714,-1.7235475466347587,0.2196377165955912,0.4167215688566759
12863000000,784,12863000000,base_link,0.37718188762664795,-1.0775506496429443,0.8787856698036194,-1.637146960387772,0.2972321516772063,0.3871258508106459
12872000000,785,12872000000,base_link,0.3700639307498932,-1.0408120155334473,0.8850002884864807,-1.624896934764,0.33112870940202266,0.36844104362183117
12882000000,786,12882000000,base_link,0.36327582597732544,-1.00343656539917,0.8896501660346985,-1.6246597091471822,0.36533023262007924,0.34904363148124995
12890000000,787,12890000000,base_link,0.35670116543769836,-0.9646625518798828,0.8932650089263916,-1.5678831716611255,0.43627226544090203,0.3138943027885302
12899000000,788,12899000000,base_link,0.35031065344810486,-0.9233043193817139,0.8997204899787903,-1.5182389724219771,0.4753903211903363,0.2855833166998745
12909000000,789,12909000000,base_link,0.3444141745567322,-0.881436824798584,0.9046768546104431,-1.4761618211368481,0.4507036059051615,0.2857892828009403
12917000000,790,12917000000,base_link,0.33872172236442566,-0.8381100296974182,0.909498929977417,-1.4738408059374795,0.4290100606498175,0.2917426864546626
12927000000,791,12926000000,base_link,0.3333945870399475,-0.7958148121833801,0.9086863994598389,-1.5535515857268496,0.4171563281390016,0.29276122967035084
12936000000,792,12936000000,base_link,0.32787421345710754,-0.7515368461608887,0.9080973267555237,-1.6735796989147738,0.4153893460995952,0.2898975941751635
12944000000,793,12944000000,base_link,0.32317230105400085,-0.7075880765914917,0.9053174257278442,-1.7338356771479535,0.3647331103971345,0.3275703549381214
12953000000,794,12953000000,base_link,0.3184194266796112,-0.6652621626853943,0.896134614944458,-1.7523203332676902,0.29422990464162313,0.3809762702135029
12963000000,795,12963000000,base_link,0.3141864240169525,-0.6215671896934509,0.8881468176841736,-1.6938786121410156,0.2845705392280007,0.40207550436678396
12971000000,796,12971000000,base_link,0.3097647726535797,-0.5738214254379272,0.8833242654800415,-1.6364987301515177,0.29220864438832905,0.4145544211752244
12981000000,797,12980000000,base_link,0.3055250346660614,-0.5264613032341003,0.877816379070282,-1.5321946924064247,0.3120955931455354,0.4238775141388886
12990000000,798,12990000000,base_link,0.301561564207077,-0.4781513214111328,0.8723551034927368,-1.563770716875827,0.30677381959064964,0.4353193582630712
12998000000,799,12998000000,base_link,0.2974400520324707,-0.4287024140357971,0.8659150004386902,-1.6323619887449434,0.3498222090466836,0.41312304241685655
13008000000,800,13008000000,base_link,0.29367178678512573,-0.3785818815231323,0.8579446077346802,-1.5988155882737733,0.43262919112710885,0.3646938749512674
13017000000,801,13017000000,base_link,0.28988122940063477,-0.33186396956443787,0.8424493074417114,-1.57359200746101,0.4685494149418551,0.33060571177876424
13025000000,802,13025000000,base_link,0.2865782678127289,-0.28492286801338196,0.8249863386154175,-1.6084592729900165,0.4592298275736627,0.2940836566528564
13035000000,803,13035000000,base_link,0.28321340680122375,-0.23497992753982544,0.8110970258712769,-1.6508385340544212,0.5019218983873911,0.2527236717891425
13044000000,804,13044000000,base_link,0.2804020941257477,-0.18170328438282013,0.7994940876960754,-1.6710624084598218,0.5911745600845624,0.19058571870045482
13052000000,805,13052000000,base_link,0.2777215242385864,-0.12953916192054749,0.7837655544281006,-1.682386985283478,0.6182370426196828,0.15702230803454936
13061000000,806,13061000000,base_link,0.2755401134490967,-0.07352125644683838,0.7714264392852783,-1.7339720412671917,0.5866256409283794,0.16373318474214954
13071000000,807,13071000000,base_link,0.27367910742759705,-0.013443759642541409,0.7607847452163696,-1.7521447749088863,0.5153896259103836,0.19992759180852737
13079000000,808,13079000000,base_link,0.2717304825782776,0.04621276259422302,0.748161256313324,-1.7284869315232356,0.48306409668094386,0.18638643864811605
13088000000,809,13088000000,base_link,0.2704636752605438,0.10564854741096497,0.7332219481468201,-1.7500235165735973,0.4623610098702571,0.16881524183563817
13098000000,810,13098000000,base_link,0.2692427635192871,0.16401536762714386,0.7152823805809021,-1.780103775283636,0.43012376163550203,0.18703030018841743
13106000000,811,13106000000,base_link,0.2680729031562805,0.22265036404132843,0.6957396268844604,-1.7782433654335403,0.4234497186930886,0.192949202864433
13115000000,812,13115000000,base_link,0.2671249806880951,0.28137609362602234,0.674403727054596,-1.6980528359172495,0.40929504562078717,0.22182445645012588
13125000000,813,13125000000,base_link,0.26609376072883606,0.3445571959018707,0.6552488207817078,-1.6197958014328848,0.4340539266088461,0.20971019331998397
13133000000,814,13133000000,base_link,0.26558274030685425,0.40624696016311646,0.6335071325302124,-1.6078962685167095,0.4313850281453496,0.2152412577168712
13143000000,815,13142000000,base_link,0.26510488986968994,0.46918636560440063,0.6116935014724731,-1.643996887736197,0.4370989760317143,0.20314326983034892
13152000000,816,13152000000,base_link,0.2647307813167572,0.5330780744552612,0.5888549089431763,-1.642824988371091,0.4572150531936196,0.1737106211275225
13160000000,817,13160000000,base_link,0.2647884786128998,0.5977895259857178,0.5646936297416687,-1.654349971410916,0.4955472799846898,0.10977229262155619
13169000000,818,13169000000,base_link,0.2649361789226532,0.6628618836402893,0.5390937924385071,-1.7084293519689429,0.5058142597118798,0.08808799105159126
13179000000,819,13179000000,base_link,0.2654268443584442,0.7283246517181396,0.5128160715103149,-1.7871997822193102,0.5247629734114494,0.06320497176056256
13187000000,820,13187000000,base_link,0.2657965123653412,0.7941519021987915,0.48475226759910583,-1.8177257417645514,0.5455591080910361,0.03334570552866539
13196000000,821,13196000000,base_link,0.2667122483253479,0.8617390394210815,0.455977201461792,-1.8618284879570808,0.6005044816642335,-0.03555409323331324
13206000000,822,13205000000,base_link,0.2681981325149536,0.9288117289543152,0.42531412839889526,-1.9203104429933762,0.64400922256615,-0.06997187378208275
13215000000,823,13215000000,base_link,0.27049750089645386,0.9971721172332764,0.3937569856643677,-1.874044787874068,0.6594376011381383,-0.07490232355711327
13223000000,824,13223000000,base_link,0.2727435827255249,1.0672005414962769,0.36244961619377136,-1.8396241790725454,0.7106826030844491,-0.14883001536621632
13233000000,825,13232000000,base_link,0.27544155716896057,1.1389451026916504,0.33055269718170166,-1.8792785596451995,0.7687001692659698,-0.22229599390973157
13242000000,826,13242000000,base_link,0.2789061665534973,1.2101500034332275,0.2956622242927551,-1.9232367918731228,0.803497861820682,-0.2523239552725951
13250000000,827,13250000000,base_link,0.2827470004558563,1.2809042930603027,0.25753146409988403,-1.9627023138786828,0.8581208514522867,-0.32069693249175585
13259000000,828,13259000000,base_link,0.28765830397605896,1.3554540872573853,0.2219395488500595,-1.9262374385318657,0.9352490296179381,-0.4534349260941194
13269000000,829,13269000000,base_link,0.29347631335258484,1.4322842359542847,0.18571177124977112,-1.883087377519179,1.0018587312028686,-0.5884807418875394
13278000000,830,13278000000,base_link,0.30016225576400757,1.5083825588226318,0.14642976224422455,-1.9148988200143102,1.0193494285352256,-0.6593948083890413
13286000000,831,13286000000,base_link,0.3075481057167053,1.585483193397522,0.10553397983312607,-1.956309652732133,1.014989098391353,-0.6759357258163798
13295000000,832,13295000000,base_link,0.31628140807151794,1.6650466918945312,0.06651211529970169,-2.032041845798215,1.0174217210727192,-0.6878233839969866
13305000000,833,13305000000,base_link,0.32626137137413025,1.7444462776184082,0.02453179843723774,-2.0986425079220434,0.987632274600255,-0.6452425600040568
13313000000,834,13313000000,base_link,0.337006151676178,1.8265405893325806,-0.017203427851200104,-2.207701215509025,0.9499036602193414,-0.5683750522798601
13322000000,835,13322000000,base_link,0.34886032342910767,1.9089726209640503,-0.06099982187151909,-2.2345897836336737,0.9280504840818133,-0.5104108732223196
13332000000,836,13332000000,base_link,0.360941618680954,1.9892053604125977,-0.10756918787956238,-2.199728839995728,0.9184020544140561,-0.4984352390887077
13340000000,837,13340000000,base_link,0.3730542063713074,2.0675580501556396,-0.1574738621711731,-2.092893946809278,0.889984370040293,-0.4606356962821592
13350000000,838,13349000000,base_link,0.3858674168586731,2.1462669372558594,-0.20876730978488922,-2.0459045592437994,0.9084930829445684,-0.49836177782926283
13359000000,839,13359000000,base_link,0.3992313742637634,2.2246367931365967,-0.261484295129776,-1.981442011874314,0.919308543176139,-0.5652618067045756
13367000000,840,13367000000,base_link,0.4137071967124939,2.3054513931274414,-0.31515878438949585,-1.9291493684167085,0.9292645805702745,-0.6119532538088258
13377000000,841,13377000000,base_link,0.42894554138183594,2.3866255283355713,-0.36999109387397766,-1.8867552545020727,0.924959164773134,-0.613796985769218
13386000000,842,13386000000,base_link,0.442389577627182,2.4644203186035156,-0.4256478548049927,-1.9120824845413154,0.92119687144066,-0.6070236720833118
13394000000,843,13394000000,base_link,0.45716071128845215,2.54530668258667,-0.4816790819168091,-1.971052433586166,0.9160930965106828,-0.561637449668788
13404000000,844,13404000000,base_link,0.4723109006881714,2.6264610290527344,-0.539641797542572,-1.9282601339326297,0.9126673795552709,-0.5859265984703199
13412000000,845,13412000000,base_link,0.487382709980011,2.70434832572937,-0.5997962951660156,-1.904018357084799,0.919944624353942,-0.6163949274248467
13421000000,846,13421000000,base_link,0.5028570890426636,2.780804395675659,-0.6622565388679504,-1.8387103455437261,0.9263152162358934,-0.67320482037782
13431000000,847,13431000000,base_link,0.5197831988334656,2.859863519668579,-0.7252265810966492,-1.7643090688232648,0.9030704250017269,-0.7046134946881205
13441000000,848,13440000000,base_link,0.5381336212158203,2.941573143005371,-0.7890812754631042,-1.70197391348851,0.8876005234080411,-0.7401555658635753
13448000000,849,13448000000,base_link,0.556675374507904,3.0209152698516846,-0.8546316027641296,-1.678230864372662,0.879538456135962,-0.7632496400280687
13458000000,850,13458000000,base_link,0.5760036706924438,3.100454568862915,-0.9215578436851501,-1.724085813833885,0.899236790945046,-0.810749725989742
13467000000,851,13467000000,base_link,0.595016360282898,3.1776206493377686,-0.9903624653816223,-1.7714835731063139,0.9220435159464577,-0.8521874455654921
13475000000,852,13475000000,base_link,0.614251971244812,3.2521655559539795,-1.0606881380081177,-1.7714101118770762,0.9258664282762001,-0.8720526352867708
13485000000,853,13485000000,base_link,0.6343480944633484,3.326536178588867,-1.1323763132095337,-1.6797439799102796,0.9212241115343895,-0.9547678680660341
13493000000,854,13493000000,base_link,0.6562657952308655,3.403815984725952,-1.2047374248504639,-1.5972038483147872,0.917661847994808,-1.0015945274715292
13503000000,855,13502000000,base_link,0.6784263849258423,3.478365421295166,-1.278792142868042,-1.48332220768901,0.9002587578855166,-1.0862848941189596
13512000000,856,13512000000,base_link,0.7008774876594543,3.5505924224853516,-1.3538262844085693,-1.395132491454036,0.8791850571960803,-1.2413340853759234
13520000000,857,13520000000,base_link,0.724909245967865,3.624497413635254,-1.4298540353775024,-1.3437162997915584,0.8599381790584344,-1.3195172993247546
13530000000,858,13529000000,base_link,0.7494901418685913,3.696100950241089,-1.5065429210662842,-1.275682098686548,0.8217244743947831,-1.3206076520611894
13539000000,859,13539000000,base_link,0.7761551141738892,3.7697606086730957,-1.584637999534607,-1.2212199980302079,0.7941324950700772,-1.2464781626628016
13547000000,860,13547000000,base_link,0.8051151037216187,3.8471851348876953,-1.6634222269058228,-1.1560350009849907,0.7807156547941553,-1.1910366246212296
13557000000,861,13557000000,base_link,0.8357757925987244,3.9257023334503174,-1.742511510848999,-1.1109078759172322,0.7764993360780641,-1.1758454760329162
13566000000,862,13566000000,base_link,0.8678789734840393,4.005332946777344,-1.8227096796035767,-1.0476544996235413,0.7714389024384032,-1.1255886257102248
13574000000,863,13574000000,base_link,0.9001290798187256,4.082010746002197,-1.9047091007232666,-1.0266670234357618,0.7708927898884648,-1.022633470373595
13584000000,864,13584000000,base_link,0.9351683855056763,4.163398265838623,-1.9865059852600098,-1.0307202485637277,0.7733181380761589,-0.9212977610199741
13593000000,865,13593000000,base_link,0.9707238674163818,4.24358606338501,-2.069223165512085,-1.0623788409996653,0.7702254701663891,-0.8490945208315752
13601000000,866,13601000000,base_link,1.0043007135391235,4.318007469177246,-2.152843713760376,-1.071896974231086,0.7622433546910692,-0.816931233648963
13611000000,867,13610000000,base_link,1.035918951034546,4.386514186859131,-2.23734188079834,-1.085073390019803,0.7343334610570644,-0.7498768391957215
13620000000,868,13620000000,base_link,1.068104863166809,4.4553117752075195,-2.322420835494995,-1.0891966803838615,0.7032343059587693,-0.7831855529378945
13628000000,869,13628000000,base_link,1.1003193855285645,4.521637916564941,-2.4078450202941895,-1.0947676310640981,0.6723819522871237,-0.8655029506418302
13637000000,870,13637000000,base_link,1.13559091091156,4.593358993530273,-2.4951493740081787,-1.11725586132407,0.6656859595086273,-0.9471721667619871
13647000000,871,13647000000,base_link,1.1696254014968872,4.6604413986206055,-2.5823962688446045,-1.1231829412692669,0.6658798489101941,-0.9643561048371148
13656000000,872,13656000000,base_link,1.2057441473007202,4.728891849517822,-2.6708664894104004,-1.127871879202106,0.6824894043254246,-0.9679748821901376
13664000000,873,13664000000,base_link,1.2404485940933228,4.793232440948486,-2.7596495151519775,-1.1503760768421478,0.7125383119289472,-0.9589587555715336
13673000000,874,13673000000,base_link,1.273706316947937,4.8537492752075195,-2.849020481109619,-1.1584181081307874,0.7210186547291813,-0.9771821522738798
13683000000,875,13683000000,base_link,1.3090177774429321,4.916321277618408,-2.9393622875213623,-1.1992312873957223,0.7414680322619618,-0.951550515738491
13692000000,876,13692000000,base_link,1.3474386930465698,4.983201503753662,-3.031304121017456,-1.24233343147034,0.7698997096776021,-0.8703420981077498
13700000000,877,13700000000,base_link,1.387100100517273,5.05063009262085,-3.124077320098877,-1.2619399123953952,0.7862851185990845,-0.8303447598168328
13709000000,878,13709000000,base_link,1.427475929260254,5.117706775665283,-3.218611717224121,-1.2888188314179503,0.8016810456795608,-0.790001528738692
13719000000,879,13719000000,base_link,1.4674557447433472,5.1833038330078125,-3.31325101852417,-1.2895094509535383,0.8276551928148999,-0.7261804125318174
13728000000,880,13728000000,base_link,1.5075589418411255,5.247069358825684,-3.409053087234497,-1.2570492476017534,0.8453214872071747,-0.6767315329249819
13736000000,881,13736000000,base_link,1.5468976497650146,5.308796405792236,-3.5049898624420166,-1.220944695829013,0.8408640321660223,-0.6701605322216551
13745000000,882,13745000000,base_link,1.588942289352417,5.373782157897949,-3.603060722351074,-1.1416260531062434,0.8175105570422563,-0.699920110792149
13755000000,883,13755000000,base_link,1.632327675819397,5.439357280731201,-3.7022337913513184,-1.0642117162078166,0.7737960638514055,-0.7279471573155769
13764000000,884,13764000000,base_link,1.6743370294570923,5.5021491050720215,-3.8024632930755615,-1.0207060806175543,0.7383729929291227,-0.7374814462604574
13772000000,885,13772000000,base_link,1.7139899730682373,5.559751510620117,-3.901325225830078,-1.027246033418982,0.7323133786674509,-0.7056783469658456
13781000000,886,13781000000,base_link,1.746755599975586,5.6152119636535645,-3.999378204345703,-1.0404025360256532,0.7408983290179062,-0.6939475494870169
13791000000,887,13791000000,base_link,1.780554175376892,5.671285629272461,-4.098370552062988,-1.0691619809736699,0.7874846604764931,-0.6849775850484006
13800000000,888,13800000000,base_link,1.815444827079773,5.727956771850586,-4.1985764503479,-1.1087078159178594,0.8329286910724436,-0.6796882252616567
13808000000,889,13808000000,base_link,1.8521331548690796,5.786865234375,-4.300875186920166,-1.1363070257352479,0.8685478765761128,-0.6851328803648156
13817000000,890,13817000000,base_link,1.6815409660339355,5.93488883972168,-3.6438229084014893,-1.4570099211300134,1.543294388257098,-0.7011920793219041
13827000000,891,13827000000,base_link,2.2545440196990967,5.642960548400879,-1.537044882774353,-6.525235170391405,9.114047180421423,-0.26776889645531576
13836000000,892,13836000000,base_link,2.1532180309295654,5.706575870513916,-1.533005714416504,-13.872893074852188,9.838942583776102,0.8936239568908557
13844000000,893,13844000000,base_link,2.1700029373168945,5.750612735748291,-1.6735137701034546,-18.27283360221427,10.621584732471224,3.2098476896419594
13854000000,894,13853000000,base_link,2.180530548095703,5.778260231018066,-1.8233903646469116,-17.449961871134107,10.44020538086844,2.9430087931372166
13863000000,895,13863000000,base_link,2.183716058731079,5.7942914962768555,-1.9839001893997192,-17.216277466167412,9.94344571017599,2.6626607312964934
13871000000,896,13871000000,base_link,2.1789469718933105,5.797895431518555,-2.151047945022583,-17.412403011540775,9.839242160395663,2.594755827552265
13881000000,897,13880000000,base_link,2.166210889816284,5.786571979522705,-2.3149590492248535,-17.83173504767738,9.676734396840647,2.5287292277085984
13890000000,898,13890000000,base_link,2.1465349197387695,5.762306213378906,-2.476499557495117,-17.8588594581513,9.269873562120646,2.496541190386975
13898000000,899,13898000000,base_link,2.1202616691589355,5.72349739074707,-2.637421131134033,-17.742108629948092,8.802876533776761,2.5246075134118087
13908000000,900,13907000000,base_link,0.7010399699211121,2.263305425643921,0.8072553277015686,-8.309555060028964,3.7755321699552655,1.8274797964198473
13917000000,901,13917000000,base_link,0.6561933159828186,2.1675913333892822,0.6996989250183105,-1.658153710199194,0.45954571747274514,1.2961462501245218
13925000000,902,13925000000,base_link,0.609107255935669,2.06070613861084,0.5986308455467224,-1.665759030732902,0.45476875665790184,1.2946840717351815
13935000000,903,13934000000,base_link,0.5556371212005615,1.9330592155456543,0.5142648816108704,-1.773895668613727,0.4717675748970695,1.2925630874541238
13944000000,904,13944000000,base_link,0.5022128224372864,1.7964988946914673,0.4385692775249481,-1.451471547211689,0.31864318332707775,1.198138573474782
13952000000,905,13952000000,base_link,0.44869211316108704,1.6623045206069946,0.35828548669815063,-1.209188152850257,0.14994305895800408,1.1380785370579836
13962000000,906,13961000000,base_link,0.3954992890357971,1.5241557359695435,0.2826891541481018,-0.9256495303110277,-0.03465601274177332,1.0838046515563127
13970000000,907,13970000000,base_link,0.3460035026073456,1.392286777496338,0.21280895173549652,-0.7857476852598245,-0.11504783187710743,1.04891218365261
13979000000,908,13979000000,base_link,0.29488345980644226,1.2480347156524658,0.14153628051280975,-0.5078104062337847,-0.31835325710469603,0.9981719591764323
13989000000,909,13989000000,base_link,0.24475453794002533,1.1000750064849854,0.06674891710281372,-0.2736256184688277,-0.4891094745197637,0.9585595657145438
13998000000,910,13998000000,base_link,0.19369037449359894,0.9448399543762207,-0.011525138281285763,-0.0010752210144949204,-0.6981888045166877,0.9329356742370476
14006000000,911,14006000000,base_link,0.14615042507648468,0.7907268404960632,-0.08278602361679077,0.13114286282456106,-0.8169748644485925,0.9257174052528017
14015000000,912,14015000000,base_link,0.10281457006931305,0.6521846652030945,-0.16583822667598724,0.4237426071644923,-1.0083772042904457,0.86669401312584
14025000000,913,14025000000,base_link,0.06192959100008011,0.5163267850875854,-0.2481176257133484,0.696853518527925,-1.1242868636393673,0.7914255478738845
14033000000,914,14033000000,base_link,0.02402648702263832,0.38401418924331665,-0.33296388387680054,0.9801954806209058,-1.2180247355323062,0.7019305581633262
14042000000,915,14042000000,base_link,-0.00959350448101759,0.2651134133338928,-0.4238014817237854,1.3014828893962038,-1.4004732220001463,0.660897124536655
14052000000,916,14051000000,base_link,-0.04244671016931534,0.14203374087810516,-0.5138348937034607,1.5854969705725084,-1.6326598711529636,0.6677123558585045
14061000000,917,14061000000,base_link,-0.07209839671850204,0.020044922828674316,-0.5996363162994385,1.727470518485521,-1.7226857707914762,0.6524083242682336
14069000000,918,14069000000,base_link,-0.09955508261919022,-0.09717948734760284,-0.6921907663345337,2.0412540259310945,-1.8269679413821465,0.5487653873734477
14078000000,919,14078000000,base_link,-0.12329525500535965,-0.2034187912940979,-0.7915902137756348,2.2948906019966957,-1.9511975595891422,0.48850723627303316
14088000000,920,14088000000,base_link,-0.13815288245677948,-0.2867288291454315,-0.9127743244171143,2.55965401351977,-2.111351237496935,0.4512514947195955
14096000000,921,14096000000,base_link,-0.14986179769039154,-0.36606842279434204,-1.0379804372787476,2.8118172584083325,-2.214276961153222,0.42466206825676733
14105000000,922,14105000000,base_link,-0.16011756658554077,-0.44891923666000366,-1.1539462804794312,3.1373441550117724,-2.364858956812078,0.39993061812823505
14115000000,923,14115000000,base_link,-0.16456261277198792,-0.519382119178772,-1.2737319469451904,3.4529032605155563,-2.515546834770975,0.34338105763572185
14123000000,924,14123000000,base_link,-0.1464671790599823,-0.5187337398529053,-1.4273432493209839,3.7608209886490354,-2.607089988200523,0.2732820681370254
14132000000,925,14132000000,base_link,0.2878636121749878,-0.6300010681152344,-1.13868248462677,4.819106045721984,-0.7825314464943265,0.019741067755507102
14142000000,926,14142000000,base_link,0.2779778838157654,-0.6255961060523987,-1.3015934228897095,5.864118304665171,2.5308386093089545,-0.34547777036583416
14151000000,927,14151000000,base_link,0.2642342150211334,-0.6170291304588318,-1.4653059244155884,5.894050574519664,2.9399483022867985,-0.4956339843416185
14159000000,928,14159000000,base_link,0.2450314313173294,-0.6002148985862732,-1.6245356798171997,5.919521339286799,3.118152414830768,-0.5789397811460011
14168000000,929,14168000000,base_link,0.08884566277265549,0.01368944812566042,0.0861646831035614,4.18062624524565,3.1491609569678243,-0.546252582187445
14178000000,930,14178000000,base_link,0.08899033069610596,0.015400059521198273,0.08588449656963348,-0.1727950186089523,0.05394233074324753,0.006800369369515346
14186000000,931,14186000000,base_link,0.09117256850004196,0.02271226979792118,0.08888474851846695,-0.25890416469995153,-0.15241573146183313,0.027190238018084015
14195000000,932,14195000000,base_link,0.09308373928070068,0.030017102137207985,0.09159716218709946,0.0014489453012590712,-0.011444804437762017,-0.0015997374251241236
14205000000,933,14205000000,base_link,0.09481305629014969,0.037136323750019073,0.0944577306509018,0.006264845119866285,0.004827846921627412,-0.0045365961598138865
14214000000,934,14214000000,base_link,0.09686681628227234,0.04397675022482872,0.09733431786298752,0.00018257751554924973,-0.001697970502939419,-0.006085883247324616
14222000000,935,14222000000,base_link,0.09908375889062881,0.05123136565089226,0.1000964492559433,-0.0023755263630834177,-0.0018496494051931675,-0.002511950619479556
14232000000,936,14231000000,base_link,0.10116801410913467,0.05820370465517044,0.10284440964460373,0.0017209552017229046,0.0019797215813306636,-0.0005868611724556914
14241000000,937,14241000000,base_link,0.1034662052989006,0.0651446282863617,0.10546693205833435,-0.0004398810643013284,-0.0003802768026902228,-0.0017677878506104068
14249000000,938,14249000000,base_link,0.10533995926380157,0.07209184765815735,0.10799790173768997,0.0032502040243456705,0.001400628196203735,-0.0013729199056044187
14258000000,939,14258000000,base_link,0.10722681879997253,0.07964793592691422,0.11008063703775406,-0.001032955071733933,-0.00031586083019217716,-0.0030817563991767296
14268000000,940,14268000000,base_link,0.10925807058811188,0.08700034767389297,0.11206746846437454,0.0012376784109528567,0.00018176094095732098,-0.0013031864656900026
14277000000,941,14277000000,base_link,0.11131645739078522,0.0944816917181015,0.11403755098581314,0.0007349507440945942,0.0006456875924263626,0.00046591406486993803
14285000000,942,14285000000,base_link,0.11348758637905121,0.10186401009559631,0.11607862263917923,0.0013777509044005565,0.002958551444523215,-0.00353924977557653
14294000000,943,14294000000,base_link,0.11581720411777496,0.10923178493976593,0.11794859170913696,-0.0004985943100570989,0.0005221765496749923,7.315593327176117e-05
14304000000,944,14304000000,base_link,0.1180882453918457,0.1167743057012558,0.11960135400295258,-0.0015854363704641355,-0.0029595872719992916,-0.0014825509947551862
14313000000,945,14313000000,base_link,0.12017326056957245,0.12399637699127197,0.12123638391494751,0.0003636795328871009,-0.0010216846528095078,-0.0022363709762790464
14321000000,946,14321000000,base_link,0.12229394912719727,0.13154606521129608,0.1230146661400795,-0.004370234445591957,-0.000926207408804897,-0.003175085414299397
14330000000,947,14330000000,base_link,0.12462670356035233,0.13887618482112885,0.12492360919713974,-0.00015162715810247842,0.0013514293769877855,-0.001840602363442438
14340000000,948,14340000000,base_link,0.12691302597522736,0.14616407454013824,0.12653812766075134,-0.002320994698007744,0.0020566855555076502,-0.0029612490791128825
14348000000,949,14348000000,base_link,0.1292286217212677,0.15341739356517792,0.12801514565944672,-0.0005967110051152804,8.946346272827857e-05,-2.1319942254401583e-05
14357000000,950,14357000000,base_link,0.13136766850948334,0.1606752574443817,0.1296045482158661,-0.00133912326659192,0.0008189256195479186,-0.0021698875831392328
14367000000,951,14367000000,base_link,0.1332494020462036,0.16780169308185577,0.13115417957305908,0.004080361181890996,-0.0017767456117205253,0.00020017897273758205
14376000000,952,14376000000,base_link,0.13555942475795746,0.17486928403377533,0.13260793685913086,0.0024625275603773968,0.0005226588374223788,-0.001360387231830512
14384000000,953,14384000000,base_link,0.13784977793693542,0.18199989199638367,0.1343163698911667,0.002221705349741985,0.0004976571281406691,-0.0021761289110071446
14394000000,954,14393000000,base_link,0.13991616666316986,0.18872202932834625,0.1356165111064911,0.0006568782083244163,-0.0026668426661434876,-0.0027137122269342306
14403000000,955,14403000000,base_link,0.14182859659194946,0.19594357907772064,0.1369488537311554,-0.0002359552554139138,0.0010503738978550976,-0.0028652852862185263
14411000000,956,14411000000,base_link,0.1442534327507019,0.2028079479932785,0.138130322098732,-0.0014906264798260614,-0.0011529589706946758,-0.002749635203554417
14420000000,957,14420000000,base_link,0.14644242823123932,0.20978957414627075,0.1394827514886856,-0.0020491979874092694,-0.0010520183678525237,-0.002913187804113437
14430000000,958,14430000000,base_link,0.14880606532096863,0.21635815501213074,0.1403745710849762,-0.0004014683319017795,-0.0022444275296699553,-0.00023310691283623842
14438000000,959,14438000000,base_link,0.1510668247938156,0.22298705577850342,0.14155317842960358,0.0007169098913371834,-0.0014732658197991063,-0.00304426811634823
14447000000,960,14447000000,base_link,0.15348869562149048,0.22946199774742126,0.14273257553577423,0.00026446251955773535,0.00040369291868117755,-0.001558525084906719
14457000000,961,14457000000,base_link,0.15580151975154877,0.2361181229352951,0.1440778225660324,-0.0017630640906700875,-0.002391024242232092,-0.0020271377900168337
14466000000,962,14466000000,base_link,0.1580047756433487,0.24268083274364471,0.1448322832584381,7.270652407504567e-05,0.0015620722775092446,-0.004452775456084563
14474000000,963,14474000000,base_link,0.1600164920091629,0.24927137792110443,0.1458004117012024,0.0009249423288266931,-0.0006395670683082551,-0.005827338246532438
14483000000,964,14483000000,base_link,0.16210415959358215,0.2557002604007721,0.1470220386981964,-0.0004523413554284594,-0.0020925305643045163,0.0003116053710391688
14493000000,965,14493000000,base_link,0.16463585197925568,0.26195845007896423,0.1484595090150833,0.0009059498609952894,-0.002397019306127208,-0.003299221866469186
14501000000,966,14501000000,base_link,0.16714181005954742,0.2683064937591553,0.14943714439868927,-0.0013021119784456749,-0.00035741398504981174,-0.0056519180250620745
14510000000,967,14510000000,base_link,0.16952121257781982,0.27432090044021606,0.1504749208688736,-0.00044797521955660497,0.0027647719857045497,-0.005596488271639118
14520000000,968,14520000000,base_link,0.1718234419822693,0.28048476576805115,0.1512906849384308,-0.0013163849897565236,0.0007268635806208716,-0.0015051780344722467
14529000000,969,14529000000,base_link,0.17422771453857422,0.2866169214248657,0.15224333107471466,-0.0008837376081255099,-0.003994780099452908,-0.004403956213560246
14537000000,970,14537000000,base_link,0.17639803886413574,0.2926974594593048,0.1534508317708969,0.0028075310909904433,-0.002586855357466328,-0.0009781595951994322
14547000000,971,14546000000,base_link,0.17895381152629852,0.2989810109138489,0.15446937084197998,0.0010796591584614863,-0.0008406953760072053,-0.002276545273419295
14556000000,972,14556000000,base_link,0.181000754237175,0.3048325181007385,0.1553681343793869,-0.0015251971411818234,0.0007079023873130209,0.00019477142101453023
14564000000,973,14564000000,base_link,0.18333956599235535,0.3105633556842804,0.15636180341243744,0.0007038097497471771,-0.0013445225904553568,-0.00043050233751394147
14574000000,974,14573000000,base_link,0.1856285184621811,0.3163002133369446,0.15717612206935883,0.0019032781145389454,-0.0023938799819186447,-0.0034148649927540973
14583000000,975,14583000000,base_link,0.18485350906848907,0.31785300374031067,0.15620340406894684,0.00025186837946168173,-0.002426964771891273,-0.003458213884478064
14591000000,976,14591000000,base_link,0.1839749664068222,0.31924402713775635,0.15521951019763947,-0.00195266595058798,-0.0031703431077446252,-0.0065407767927525605
14601000000,977,14601000000,base_link,0.1838376522064209,0.32085031270980835,0.15410542488098145,0.001826533742732075,-0.00016417916337180656,-0.0013727133299492658
14609000000,978,14609000000,base_link,0.18332190811634064,0.3225802779197693,0.15299870073795319,0.0021659625307543224,-0.0009513572760644507,0.0006345082163817528
14618000000,979,14618000000,base_link,0.18308661878108978,0.3238692581653595,0.15208078920841217,0.0011589464817691434,-0.003029317884601577,-0.0037937494904859165
14628000000,980,14628000000,base_link,0.18307235836982727,0.32548901438713074,0.1508808732032776,-0.0006925399937780573,-0.00033332244137382826,-0.003295960212067553
14636000000,981,14636000000,base_link,0.18295013904571533,0.3269156813621521,0.14993810653686523,0.0026767320520195716,-0.002900055583984561,-0.004414731269884819
14645000000,982,14645000000,base_link,0.1824706494808197,0.3286268413066864,0.1493729054927826,0.0020169636943709237,0.0013149893670898658,-0.00021526363076299635
14655000000,983,14655000000,base_link,0.182200625538826,0.3304440975189209,0.14864583313465118,0.00030041478600089137,-0.0005612236597900054,-0.0027019469131878064
14663000000,984,14663000000,base_link,0.18211422860622406,0.3322332799434662,0.14819477498531342,0.0018952734612296528,-0.001646719822843438,-0.0014760198000065105
14672000000,985,14672000000,base_link,0.18192122876644135,0.3339822292327881,0.1476273536682129,0.001589991125796822,1.204935735390512e-05,-0.0034928140417768132
14682000000,986,14682000000,base_link,0.18185214698314667,0.3357996642589569,0.14694911241531372,-0.002498539943789901,-0.001595516108965675,-0.0014991448094465796
14691000000,987,14691000000,base_link,0.18188229203224182,0.33751609921455383,0.1461309790611267,0.0017091849678308236,-0.00015764703444105972,-0.0008619323339950954
14699000000,988,14699000000,base_link,0.18204852938652039,0.33936208486557007,0.14559583365917206,0.002036590379173018,0.002151774514192697,-0.0007486194419452359
14709000000,989,14708000000,base_link,0.18204158544540405,0.3410332500934601,0.14518161118030548,0.002199678550802852,-0.0019041484412148449,-0.005626179137536238
14718000000,990,14718000000,base_link,0.18222112953662872,0.3427658975124359,0.1445220410823822,0.00034462452362836774,-0.0017272573974503442,-0.0006535084380713557
14726000000,991,14726000000,base_link,0.1824750453233719,0.3446296155452728,0.14435233175754547,0.0013685420991616632,2.3225491733766663e-05,-0.000501609012811689
14736000000,992,14735000000,base_link,0.18265928328037262,0.34647244215011597,0.14412343502044678,0.00039589679159270145,0.0029286840254018065,-0.0008269461388169958
14745000000,993,14745000000,base_link,0.18290314078330994,0.34831416606903076,0.14350607991218567,0.0022925649361608185,0.0015227243205569471,-0.00130467428435731
14753000000,994,14753000000,base_link,0.18361340463161469,0.3501751720905304,0.14304223656654358,-1.9861523511808985e-05,0.0015462662542439908,-1.3681880938464076e-05
14762000000,995,14762000000,base_link,0.1837756335735321,0.3523240387439728,0.14250141382217407,-0.0001651999238921413,0.000922673943148186,-0.0003474738229013373
14772000000,996,14772000000,base_link,0.18455788493156433,0.3541543781757355,0.14201916754245758,0.0003524261050894506,-0.002700787294516207,0.0011849751187941288
14780000000,997,14780000000,base_link,0.1849404275417328,0.35656481981277466,0.14163339138031006,0.0009519864450571029,-0.001219851685404732,0.0017260099153294753
14789000000,998,14789000000,base_link,0.18540924787521362,0.358704537153244,0.14135988056659698,0.0006049738649818456,-0.0005114716873135242,-0.0004911263325050888
14799000000,999,14799000000,base_link,0.18580251932144165,0.36100688576698303,0.1411258578300476,-0.0008493926442716055,0.0033295760727586853,-0.0007497548567265126
14807000000,1000,14807000000,base_link,0.18651597201824188,0.36350876092910767,0.1407604068517685,-0.0006189512274041704,0.0007349789588187658,-0.0005502601757997553
14816000000,1001,14816000000,base_link,0.18695953488349915,0.36564919352531433,0.14035309851169586,-0.0038485199415121065,0.0008646204148720954,0.0014726292057298247
14826000000,1002,14826000000,base_link,0.18769298493862152,0.3683961033821106,0.1403477042913437,-0.002934392948013033,-0.0004501976573664917,0.0017578688748835563
14835000000,1003,14835000000,base_link,0.1886693835258484,0.370800644159317,0.1400507539510727,-0.00013666242026564204,0.0004753132220149105,-0.003578323290098096
14843000000,1004,14843000000,base_link,0.18950089812278748,0.37340033054351807,0.13980266451835632,0.00047771331030409877,-0.0011779276705177393,-0.004871083602154336
14852000000,1005,14852000000,base_link,0.1903339922428131,0.3757033944129944,0.13930606842041016,-0.0014987569467012323,-0.0010805111860979356,-0.0026711933046914063
14862000000,1006,14862000000,base_link,0.19109991192817688,0.3781973421573639,0.13886792957782745,0.0021263734519637112,-0.0006077199204754292,-0.0028591522645202887
14871000000,1007,14871000000,base_link,0.1920265257358551,0.3807140290737152,0.13854607939720154,-0.00043971352801910223,-0.0024933937481859806,-0.0028748335159595705
14879000000,1008,14879000000,base_link,0.19305923581123352,0.38383471965789795,0.13849863409996033,0.0006641871513184568,-0.0037073767174276625,-0.000770356100681685
14888000000,1009,14888000000,base_link,0.19390514492988586,0.3862551152706146,0.13853763043880463,0.0012138499058351195,5.304652847672705e-05,-0.000687105172923607
14898000000,1010,14898000000,base_link,0.19504885375499725,0.38901346921920776,0.1384785771369934,0.00033359638395696634,-0.0005455069450243276,-0.000858856130344243
14906000000,1011,14906000000,base_link,0.19623886048793793,0.39172977209091187,0.13832330703735352,-0.0010550914798606228,0.0009940908537552134,0.0006073128362284365
14915000000,1012,14915000000,base_link,0.19723030924797058,0.39438629150390625,0.1384340524673462,0.0008945060411718254,0.0005364402637499118,-0.000278402715469456
14925000000,1013,14924000000,base_link,0.19786912202835083,0.3970896303653717,0.13803914189338684,-0.0007625765508937123,0.00013894713100719763,-0.0029083088806715683
14934000000,1014,14934000000,base_link,0.198762908577919,0.3999764919281006,0.13805225491523743,-0.004268153643329065,-0.0029268790358430424,-0.0005782201060158098
14942000000,1015,14942000000,base_link,0.1999386101961136,0.40266096591949463,0.13813729584217072,0.002712157109181769,0.0002765581248611727,-0.003803225384703792
14951000000,1016,14951000000,base_link,0.20086267590522766,0.4053232967853546,0.1381753385066986,-0.0005855191079171874,-0.0007848402677189424,-0.0015712635653952658
14961000000,1017,14961000000,base_link,0.20228825509548187,0.40833890438079834,0.1383979469537735,0.00042272667184590427,0.0014556607207934042,-0.0021456661412683417
14969000000,1018,14969000000,base_link,0.20360547304153442,0.41120433807373047,0.13842855393886566,-0.001394515633011649,0.0002680740674300894,-0.0030992238241214676
14978000000,1019,14978000000,base_link,0.20514622330665588,0.4139935076236725,0.13815684616565704,-0.0007494492449422399,-0.0021931462000894363,-0.0024410381129421474
14988000000,1020,14988000000,base_link,0.20352444052696228,0.4121089577674866,0.13641338050365448,-0.00011394306726723905,0.0017626004458561756,-0.00108602660727742
14996000000,1021,14996000000,base_link,0.20216311514377594,0.4104279577732086,0.13493157923221588,0.0014556760304926077,-0.002721931269959072,-0.0005314271675027188
15005000000,1022,15005000000,base_link,0.20077762007713318,0.40894168615341187,0.13370446860790253,-0.0007926697849673468,0.002834793979107755,-0.000988033277450018
15015000000,1023,15014000000,base_link,0.19944585859775543,0.40746206045150757,0.1325337141752243,0.0007130802527619406,0.00033779315177634374,-0.001955765852509861
15024000000,1024,15024000000,base_link,0.1979217529296875,0.4060364067554474,0.13120990991592407,0.002642939887246619,-0.0018575171067216655,-0.004634024590696098
15032000000,1025,15032000000,base_link,0.19680853188037872,0.4046449363231659,0.13007915019989014,0.002137280934639518,8.114602174936895e-05,-0.003836829475831771
15041000000,1026,15041000000,base_link,0.19568052887916565,0.4034927487373352,0.12903088331222534,-0.000393515050408649,-0.0021787745526684215,-0.001800462263531179
15051000000,1027,15051000000,base_link,0.19486689567565918,0.4024936556816101,0.12784159183502197,0.0013208745019238283,-0.006267041738989283,-0.0003616539748438952
15060000000,1028,15060000000,base_link,0.19404107332229614,0.4019058644771576,0.1264292150735855,0.0016872415234051204,0.002553686207127677,-0.0010818855500470818
15068000000,1029,15068000000,base_link,0.19342416524887085,0.40120169520378113,0.12568917870521545,-0.0027560480861932484,0.003196618874030322,-0.0033352813863596897
15077000000,1030,15077000000,base_link,0.1928105503320694,0.4005095958709717,0.12481537461280823,-0.0014343607801579486,-0.001969589509426742,-0.0023176650088502335
15087000000,1031,15087000000,base_link,0.19201743602752686,0.3998483717441559,0.12369254976511002,-0.00025757221506884665,-0.0008755668610288872,-0.001528029213629137
15096000000,1032,15096000000,base_link,0.1916407346725464,0.39930295944213867,0.12294720858335495,-0.0009741801102829856,0.0002262819922373544,-0.0014540238161557316
15104000000,1033,15104000000,base_link,0.19071513414382935,0.39864689111709595,0.12220007926225662,0.0004941550387402097,-0.0028632886581399127,-0.003277017460223727
15113000000,1034,15113000000,base_link,0.19009265303611755,0.3983231484889984,0.1211620569229126,-0.000578566981341084,0.0007924162477353615,-0.0010237991904292097
15123000000,1035,15123000000,base_link,0.1895018070936203,0.3977152407169342,0.12011066824197769,-0.0005181552752841153,0.00033476740915454453,-0.0012708599560283733
15131000000,1036,15131000000,base_link,0.18873584270477295,0.3974754512310028,0.11918329447507858,-0.0025885630525196244,-0.002923017238500784,-0.0003842204552308801
15140000000,1037,15140000000,base_link,0.18840645253658295,0.3973243832588196,0.11843973398208618,-0.002180904669090093,-0.0006290264752972535,-0.0036021314564634948
15150000000,1038,15150000000,base_link,0.18791258335113525,0.3972117304801941,0.11788967251777649,-0.00201061347621261,-0.001526783867752762,-0.002495757300121985
15159000000,1039,15159000000,base_link,0.1878126561641693,0.3973502218723297,0.11724728345870972,-0.0016918589149660659,-0.00037840546728878114,-0.00012008371322287985
15167000000,1040,15167000000,base_link,0.1874038428068161,0.39759182929992676,0.11651934683322906,-0.00016214951578451514,-0.000496830953340576,-0.003049069040777326
15176000000,1041,15176000000,base_link,0.18740198016166687,0.3979242146015167,0.11612750589847565,-0.00035014374966116704,0.0001550599603139227,-0.0008445459941960248
15186000000,1042,15186000000,base_link,0.187040314078331,0.39834341406822205,0.11530840396881104,0.002476468770198274,-7.795343793396904e-05,-0.001321329079525666
15195000000,1043,15195000000,base_link,0.18669597804546356,0.3988281786441803,0.11483890563249588,-0.0010839739100159645,0.001960726962230863,-0.0020349568814907186
15203000000,1044,15203000000,base_link,0.18661165237426758,0.39917194843292236,0.11437027901411057,0.0016728812998957968,-0.0007264048853437737,-0.0013937818950072605
15212000000,1045,15212000000,base_link,0.18664215505123138,0.3995051383972168,0.11379788815975189,0.00010025509086350525,0.0015066524387669015,-0.006211130424863907
15222000000,1046,15222000000,base_link,0.1867196261882782,0.4000645577907562,0.11356694996356964,-0.0013857092674398085,-9.776457060398876e-05,-0.0029209428818063937
15230000000,1047,15230000000,base_link,0.18680314719676971,0.4009111523628235,0.11354933679103851,-2.7451159440081172e-05,0.00027263091279645967,-0.0024550204745555516
15239000000,1048,15239000000,base_link,0.18687739968299866,0.4012829065322876,0.11365564167499542,-0.0011832644010251426,-0.0013578198737814727,0.0004752916739511499
15249000000,1049,15249000000,base_link,0.1869616061449051,0.4017619490623474,0.11332998424768448,-0.0015061327060126456,8.541778942262822e-05,-0.003547150177428024
