%time,field.clock
16920000000,16914000000
16920000000,16915000000
16920000000,16916000000
16920000000,16917000000
16920000000,16918000000
16921000000,16919000000
16921000000,16920000000
16921000000,16921000000
16921000000,16922000000
16922000000,16923000000
16923000000,16924000000
16925000000,16925000000
16925000000,16926000000
16927000000,16927000000
16927000000,16928000000
16928000000,16929000000
16929000000,16930000000
16930000000,16931000000
16932000000,16932000000
16933000000,16933000000
16933000000,16934000000
16935000000,16935000000
16936000000,16936000000
16936000000,16937000000
16938000000,16938000000
16938000000,16939000000
16939000000,16940000000
16941000000,16941000000
16941000000,16942000000
16942000000,16943000000
16943000000,16944000000
16945000000,16945000000
16946000000,16946000000
16947000000,16947000000
16948000000,16948000000
16949000000,16949000000
16950000000,16950000000
16951000000,16951000000
16952000000,16952000000
16953000000,16953000000
16954000000,16954000000
16954000000,16955000000
16956000000,16956000000
16957000000,16957000000
16958000000,16958000000
16959000000,16959000000
16960000000,16960000000
16961000000,16961000000
16962000000,16962000000
16963000000,16963000000
16964000000,16964000000
16965000000,16965000000
16966000000,16966000000
16967000000,16967000000
16968000000,16968000000
16969000000,16969000000
16970000000,16970000000
16971000000,16971000000
16972000000,16972000000
16972000000,16973000000
16974000000,16974000000
16975000000,16975000000
16976000000,16976000000
16977000000,16977000000
16978000000,16978000000
16979000000,16979000000
16980000000,16980000000
16980000000,16981000000
16982000000,16982000000
16983000000,16983000000
16984000000,16984000000
16985000000,16985000000
16986000000,16986000000
16987000000,16987000000
16988000000,16988000000
16989000000,16989000000
16990000000,16990000000
16991000000,16991000000
16992000000,16992000000
16993000000,16993000000
16994000000,16994000000
16995000000,16995000000
16996000000,16996000000
16997000000,16997000000
16998000000,16998000000
16999000000,16999000000
17000000000,17000000000
17001000000,17001000000
17002000000,17002000000
17003000000,17003000000
17004000000,17004000000
17005000000,17005000000
17006000000,17006000000
17007000000,17007000000
17008000000,17008000000
17009000000,17009000000
17010000000,17010000000
17011000000,17011000000
17012000000,17012000000
17013000000,17013000000
17014000000,17014000000
17015000000,17015000000
17016000000,17016000000
17017000000,17017000000
17018000000,17018000000
17019000000,17019000000
17020000000,17020000000
17021000000,17021000000
17022000000,17022000000
17023000000,17023000000
17024000000,17024000000
17025000000,17025000000
17026000000,17026000000
17027000000,17027000000
17028000000,17028000000
17029000000,17029000000
17030000000,17030000000
17031000000,17031000000
17032000000,17032000000
17033000000,17033000000
17034000000,17034000000
17035000000,17035000000
17036000000,17036000000
17037000000,17037000000
17038000000,17038000000
17039000000,17039000000
17040000000,17040000000
17041000000,17041000000
17042000000,17042000000
17043000000,17043000000
17044000000,17044000000
17045000000,17045000000
17046000000,17046000000
17047000000,17047000000
17048000000,17048000000
17049000000,17049000000
17050000000,17050000000
17051000000,17051000000
17052000000,17052000000
17053000000,17053000000
17054000000,17054000000
17055000000,17055000000
17056000000,17056000000
17057000000,17057000000
17058000000,17058000000
17059000000,17059000000
17060000000,17060000000
17061000000,17061000000
17062000000,17062000000
17063000000,17063000000
17064000000,17064000000
17065000000,17065000000
17066000000,17066000000
17067000000,17067000000
17068000000,17068000000
17069000000,17069000000
17070000000,17070000000
17071000000,17071000000
17072000000,17072000000
17073000000,17073000000
17074000000,17074000000
17075000000,17075000000
17076000000,17076000000
17077000000,17077000000
17078000000,17078000000
17079000000,17079000000
17080000000,17080000000
17081000000,17081000000
17082000000,17082000000
17082000000,17083000000
17084000000,17084000000
17085000000,17085000000
17085000000,17086000000
17086000000,17087000000
17087000000,17088000000
17089000000,17089000000
17090000000,17090000000
17091000000,17091000000
17092000000,17092000000
17093000000,17093000000
17094000000,17094000000
17095000000,17095000000
17096000000,17096000000
17097000000,17097000000
17098000000,17098000000
17099000000,17099000000
17100000000,17100000000
17101000000,17101000000
17102000000,17102000000
17103000000,17103000000
17104000000,17104000000
17105000000,17105000000
17106000000,17106000000
17107000000,17107000000
17108000000,17108000000
17109000000,17109000000
17110000000,17110000000
17111000000,17111000000
17112000000,17112000000
17113000000,17113000000
17114000000,17114000000
17115000000,17115000000
17116000000,17116000000
17117000000,17117000000
17118000000,17118000000
17119000000,17119000000
17120000000,17120000000
17121000000,17121000000
17122000000,17122000000
17123000000,17123000000
17124000000,17124000000
17125000000,17125000000
17126000000,17126000000
17127000000,17127000000
17128000000,17128000000
17129000000,17129000000
17130000000,17130000000
17131000000,17131000000
17132000000,17132000000
17133000000,17133000000
17133000000,17134000000
17135000000,17135000000
17135000000,17136000000
17137000000,17137000000
17138000000,17138000000
17139000000,17139000000
17140000000,17140000000
17141000000,17141000000
17142000000,17142000000
17143000000,17143000000
17143000000,17144000000
17145000000,17145000000
17145000000,17146000000
17147000000,17147000000
17148000000,17148000000
17149000000,17149000000
17150000000,17150000000
17150000000,17151000000
17151000000,17152000000
17153000000,17153000000
17153000000,17154000000
17154000000,17155000000
17156000000,17156000000
17157000000,17157000000
17158000000,17158000000
17159000000,17159000000
17160000000,17160000000
17161000000,17161000000
17161000000,17162000000
17163000000,17163000000
17164000000,17164000000
17165000000,17165000000
17165000000,17166000000
17166000000,17167000000
17168000000,17168000000
17168000000,17169000000
17170000000,17170000000
17171000000,17171000000
17171000000,17172000000
17173000000,17173000000
17174000000,17174000000
17174000000,17175000000
17176000000,17176000000
17177000000,17177000000
17178000000,17178000000
17179000000,17179000000
17179000000,17180000000
17180000000,17181000000
17182000000,17182000000
17183000000,17183000000
17183000000,17184000000
17185000000,17185000000
17186000000,17186000000
17186000000,17187000000
17188000000,17188000000
17188000000,17189000000
17189000000,17190000000
17191000000,17191000000
17192000000,17192000000
17193000000,17193000000
17194000000,17194000000
17195000000,17195000000
17196000000,17196000000
17197000000,17197000000
17198000000,17198000000
17198000000,17199000000
17199000000,17200000000
17201000000,17201000000
17202000000,17202000000
17203000000,17203000000
17204000000,17204000000
17205000000,17205000000
17206000000,17206000000
17207000000,17207000000
17208000000,17208000000
17209000000,17209000000
17210000000,17210000000
17211000000,17211000000
17212000000,17212000000
17213000000,17213000000
17214000000,17214000000
17215000000,17215000000
17216000000,17216000000
17217000000,17217000000
17218000000,17218000000
17219000000,17219000000
17220000000,17220000000
17221000000,17221000000
17222000000,17222000000
17223000000,17223000000
17223000000,17224000000
17225000000,17225000000
17226000000,17226000000
17227000000,17227000000
17228000000,17228000000
17229000000,17229000000
17230000000,17230000000
17231000000,17231000000
17232000000,17232000000
17233000000,17233000000
17234000000,17234000000
17235000000,17235000000
17236000000,17236000000
17237000000,17237000000
17238000000,17238000000
17239000000,17239000000
17240000000,17240000000
17240000000,17241000000
17242000000,17242000000
17243000000,17243000000
17244000000,17244000000
17245000000,17245000000
17245000000,17246000000
17247000000,17247000000
17247000000,17248000000
17249000000,17249000000
17249000000,17250000000
17250000000,17251000000
17251000000,17252000000
17252000000,17253000000
17253000000,17254000000
17255000000,17255000000
17255000000,17256000000
17257000000,17257000000
17258000000,17258000000
17259000000,17259000000
17259000000,17260000000
17261000000,17261000000
17261000000,17262000000
17263000000,17263000000
17263000000,17264000000
17264000000,17265000000
17266000000,17266000000
17266000000,17267000000
17268000000,17268000000
17269000000,17269000000
17270000000,17270000000
17270000000,17271000000
17271000000,17272000000
17272000000,17273000000
17273000000,17274000000
17275000000,17275000000
17275000000,17276000000
17276000000,17277000000
17277000000,17278000000
17279000000,17279000000
17280000000,17280000000
17281000000,17281000000
17281000000,17282000000
17283000000,17283000000
17284000000,17284000000
17285000000,17285000000
17286000000,17286000000
17287000000,17287000000
17288000000,17288000000
17288000000,17289000000
17289000000,17290000000
17290000000,17291000000
17291000000,17292000000
17293000000,17293000000
17294000000,17294000000
17295000000,17295000000
17295000000,17296000000
17297000000,17297000000
17298000000,17298000000
17298000000,17299000000
17299000000,17300000000
17301000000,17301000000
17302000000,17302000000
17303000000,17303000000
17304000000,17304000000
17305000000,17305000000
17306000000,17306000000
17307000000,17307000000
17308000000,17308000000
17309000000,17309000000
17310000000,17310000000
17311000000,17311000000
17311000000,17312000000
17312000000,17313000000
17314000000,17314000000
17315000000,17315000000
17315000000,17316000000
17317000000,17317000000
17317000000,17318000000
17318000000,17319000000
17319000000,17320000000
17321000000,17321000000
17322000000,17322000000
17322000000,17323000000
17323000000,17324000000
17325000000,17325000000
17326000000,17326000000
17327000000,17327000000
17328000000,17328000000
17328000000,17329000000
17330000000,17330000000
17331000000,17331000000
17332000000,17332000000
17333000000,17333000000
17334000000,17334000000
17335000000,17335000000
17335000000,17336000000
17337000000,17337000000
17338000000,17338000000
17339000000,17339000000
17339000000,17340000000
17340000000,17341000000
17341000000,17342000000
17342000000,17343000000
17343000000,17344000000
17344000000,17345000000
17345000000,17346000000
17346000000,17347000000
17347000000,17348000000
17348000000,17349000000
17349000000,17350000000
17350000000,17351000000
17351000000,17352000000
17352000000,17353000000
17353000000,17354000000
17354000000,17355000000
17355000000,17356000000
17357000000,17357000000
17358000000,17358000000
17359000000,17359000000
17359000000,17360000000
17361000000,17361000000
17361000000,17362000000
17363000000,17363000000
17363000000,17364000000
17364000000,17365000000
17366000000,17366000000
17367000000,17367000000
17368000000,17368000000
17369000000,17369000000
17370000000,17370000000
17371000000,17371000000
17372000000,17372000000
17373000000,17373000000
17374000000,17374000000
17375000000,17375000000
17376000000,17376000000
17377000000,17377000000
17378000000,17378000000
17378000000,17379000000
17380000000,17380000000
17381000000,17381000000
17382000000,17382000000
17383000000,17383000000
17384000000,17384000000
17385000000,17385000000
17386000000,17386000000
17387000000,17387000000
17388000000,17388000000
17389000000,17389000000
17390000000,17390000000
17391000000,17391000000
17391000000,17392000000
17392000000,17393000000
17394000000,17394000000
17395000000,17395000000
17395000000,17396000000
17396000000,17397000000
17398000000,17398000000
17399000000,17399000000
17400000000,17400000000
17401000000,17401000000
17402000000,17402000000
17403000000,17403000000
17404000000,17404000000
17405000000,17405000000
17406000000,17406000000
17407000000,17407000000
17407000000,17408000000
17408000000,17409000000
17410000000,17410000000
17411000000,17411000000
17411000000,17412000000
17413000000,17413000000
17414000000,17414000000
17415000000,17415000000
17416000000,17416000000
17417000000,17417000000
17417000000,17418000000
17419000000,17419000000
17420000000,17420000000
17421000000,17421000000
17421000000,17422000000
17423000000,17423000000
17424000000,17424000000
17425000000,17425000000
17425000000,17426000000
17427000000,17427000000
17428000000,17428000000
17429000000,17429000000
17430000000,17430000000
17431000000,17431000000
17432000000,17432000000
17433000000,17433000000
17433000000,17434000000
17435000000,17435000000
17436000000,17436000000
17437000000,17437000000
17438000000,17438000000
17438000000,17439000000
17440000000,17440000000
17441000000,17441000000
17442000000,17442000000
17443000000,17443000000
17443000000,17444000000
17445000000,17445000000
17446000000,17446000000
17447000000,17447000000
17448000000,17448000000
17449000000,17449000000
17449000000,17450000000
17451000000,17451000000
17451000000,17452000000
17453000000,17453000000
17454000000,17454000000
17455000000,17455000000
17456000000,17456000000
17457000000,17457000000
17458000000,17458000000
17459000000,17459000000
17460000000,17460000000
17461000000,17461000000
17462000000,17462000000
17463000000,17463000000
17463000000,17464000000
17465000000,17465000000
17466000000,17466000000
17466000000,17467000000
17468000000,17468000000
17469000000,17469000000
17470000000,17470000000
17471000000,17471000000
17472000000,17472000000
17473000000,17473000000
17474000000,17474000000
17475000000,17475000000
17476000000,17476000000
17477000000,17477000000
17477000000,17478000000
17479000000,17479000000
17479000000,17480000000
17481000000,17481000000
17482000000,17482000000
17483000000,17483000000
17484000000,17484000000
17485000000,17485000000
17486000000,17486000000
17486000000,17487000000
17487000000,17488000000
17488000000,17489000000
17489000000,17490000000
17490000000,17491000000
17491000000,17492000000
17493000000,17493000000
17494000000,17494000000
17494000000,17495000000
17496000000,17496000000
17496000000,17497000000
17497000000,17498000000
17499000000,17499000000
17499000000,17500000000
17501000000,17501000000
17502000000,17502000000
17503000000,17503000000
17503000000,17504000000
17505000000,17505000000
17505000000,17506000000
17507000000,17507000000
17508000000,17508000000
17509000000,17509000000
17510000000,17510000000
17511000000,17511000000
17512000000,17512000000
17513000000,17513000000
17514000000,17514000000
17514000000,17515000000
17516000000,17516000000
17516000000,17517000000
17517000000,17518000000
17519000000,17519000000
17520000000,17520000000
17521000000,17521000000
17522000000,17522000000
17523000000,17523000000
17524000000,17524000000
17525000000,17525000000
17526000000,17526000000
17527000000,17527000000
17528000000,17528000000
17529000000,17529000000
17530000000,17530000000
17531000000,17531000000
17532000000,17532000000
17533000000,17533000000
17534000000,17534000000
17535000000,17535000000
17536000000,17536000000
17537000000,17537000000
17538000000,17538000000
17539000000,17539000000
17540000000,17540000000
17541000000,17541000000
17542000000,17542000000
17543000000,17543000000
17544000000,17544000000
17545000000,17545000000
17546000000,17546000000
17547000000,17547000000
17548000000,17548000000
17549000000,17549000000
17550000000,17550000000
17551000000,17551000000
17552000000,17552000000
17553000000,17553000000
17554000000,17554000000
17555000000,17555000000
17556000000,17556000000
17557000000,17557000000
17558000000,17558000000
17559000000,17559000000
17560000000,17560000000
17561000000,17561000000
17562000000,17562000000
17563000000,17563000000
17564000000,17564000000
17565000000,17565000000
17566000000,17566000000
17567000000,17567000000
17568000000,17568000000
17569000000,17569000000
17570000000,17570000000
17571000000,17571000000
17572000000,17572000000
17573000000,17573000000
17574000000,17574000000
17575000000,17575000000
17576000000,17576000000
17577000000,17577000000
17578000000,17578000000
17579000000,17579000000
17580000000,17580000000
17581000000,17581000000
17582000000,17582000000
17583000000,17583000000
17584000000,17584000000
17585000000,17585000000
17586000000,17586000000
17587000000,17587000000
17588000000,17588000000
17589000000,17589000000
17590000000,17590000000
17591000000,17591000000
17592000000,17592000000
17593000000,17593000000
17594000000,17594000000
17595000000,17595000000
17596000000,17596000000
17597000000,17597000000
17598000000,17598000000
17599000000,17599000000
17600000000,17600000000
17601000000,17601000000
17602000000,17602000000
17603000000,17603000000
17604000000,17604000000
17605000000,17605000000
17606000000,17606000000
17607000000,17607000000
17608000000,17608000000
17609000000,17609000000
17610000000,17610000000
17611000000,17611000000
17612000000,17612000000
17613000000,17613000000
17614000000,17614000000
17615000000,17615000000
17615000000,17616000000
17617000000,17617000000
17618000000,17618000000
17619000000,17619000000
17620000000,17620000000
17621000000,17621000000
17622000000,17622000000
17623000000,17623000000
17624000000,17624000000
17625000000,17625000000
17625000000,17626000000
17626000000,17627000000
17628000000,17628000000
17629000000,17629000000
17629000000,17630000000
17631000000,17631000000
17631000000,17632000000
17633000000,17633000000
17634000000,17634000000
17635000000,17635000000
17636000000,17636000000
17637000000,17637000000
17638000000,17638000000
17638000000,17639000000
17639000000,17640000000
17641000000,17641000000
17641000000,17642000000
17643000000,17643000000
17644000000,17644000000
17644000000,17645000000
17646000000,17646000000
17647000000,17647000000
17647000000,17648000000
17649000000,17649000000
17650000000,17650000000
17651000000,17651000000
17652000000,17652000000
17653000000,17653000000
17653000000,17654000000
17655000000,17655000000
17656000000,17656000000
17657000000,17657000000
17658000000,17658000000
17659000000,17659000000
17660000000,17660000000
17660000000,17661000000
17661000000,17662000000
17663000000,17663000000
17663000000,17664000000
17664000000,17665000000
17665000000,17666000000
17667000000,17667000000
17667000000,17668000000
17669000000,17669000000
17669000000,17670000000
17670000000,17671000000
17671000000,17672000000
17673000000,17673000000
17674000000,17674000000
17675000000,17675000000
17676000000,17676000000
17676000000,17677000000
17678000000,17678000000
17678000000,17679000000
17679000000,17680000000
17681000000,17681000000
17682000000,17682000000
17683000000,17683000000
17683000000,17684000000
17685000000,17685000000
17685000000,17686000000
17687000000,17687000000
17688000000,17688000000
17688000000,17689000000
17689000000,17690000000
17691000000,17691000000
17692000000,17692000000
17693000000,17693000000
17694000000,17694000000
17695000000,17695000000
17696000000,17696000000
17697000000,17697000000
17697000000,17698000000
17699000000,17699000000
17700000000,17700000000
17700000000,17701000000
17702000000,17702000000
17703000000,17703000000
17703000000,17704000000
17704000000,17705000000
17705000000,17706000000
17707000000,17707000000
17708000000,17708000000
17708000000,17709000000
17709000000,17710000000
17710000000,17711000000
17712000000,17712000000
17713000000,17713000000
17714000000,17714000000
17715000000,17715000000
17715000000,17716000000
17717000000,17717000000
17717000000,17718000000
17718000000,17719000000
17720000000,17720000000
17721000000,17721000000
17722000000,17722000000
17723000000,17723000000
17724000000,17724000000
17725000000,17725000000
17726000000,17726000000
17727000000,17727000000
17728000000,17728000000
17729000000,17729000000
17729000000,17730000000
17731000000,17731000000
17732000000,17732000000
17733000000,17733000000
17734000000,17734000000
17735000000,17735000000
17736000000,17736000000
17737000000,17737000000
17738000000,17738000000
17739000000,17739000000
17740000000,17740000000
17741000000,17741000000
17742000000,17742000000
17743000000,17743000000
17744000000,17744000000
17745000000,17745000000
17746000000,17746000000
17747000000,17747000000
17748000000,17748000000
17749000000,17749000000
17750000000,17750000000
17750000000,17751000000
17752000000,17752000000
17753000000,17753000000
17754000000,17754000000
17755000000,17755000000
17756000000,17756000000
17757000000,17757000000
17758000000,17758000000
17759000000,17759000000
17760000000,17760000000
17760000000,17761000000
17762000000,17762000000
17762000000,17763000000
17764000000,17764000000
17764000000,17765000000
17766000000,17766000000
17767000000,17767000000
17767000000,17768000000
17768000000,17769000000
17770000000,17770000000
17770000000,17771000000
17772000000,17772000000
17772000000,17773000000
17774000000,17774000000
17775000000,17775000000
17776000000,17776000000
17776000000,17777000000
17778000000,17778000000
17779000000,17779000000
17780000000,17780000000
17781000000,17781000000
17782000000,17782000000
17783000000,17783000000
17784000000,17784000000
17785000000,17785000000
17786000000,17786000000
17787000000,17787000000
17788000000,17788000000
17789000000,17789000000
17790000000,17790000000
17791000000,17791000000
17792000000,17792000000
17793000000,17793000000
17794000000,17794000000
17795000000,17795000000
17795000000,17796000000
17797000000,17797000000
17798000000,17798000000
17799000000,17799000000
17800000000,17800000000
17801000000,17801000000
17802000000,17802000000
17803000000,17803000000
17804000000,17804000000
17805000000,17805000000
17805000000,17806000000
17807000000,17807000000
17808000000,17808000000
17809000000,17809000000
17810000000,17810000000
17811000000,17811000000
17812000000,17812000000
17813000000,17813000000
17814000000,17814000000
17815000000,17815000000
17816000000,17816000000
17817000000,17817000000
17818000000,17818000000
17819000000,17819000000
17820000000,17820000000
17821000000,17821000000
17822000000,17822000000
17823000000,17823000000
17824000000,17824000000
17825000000,17825000000
17825000000,17826000000
17826000000,17827000000
17828000000,17828000000
17829000000,17829000000
17829000000,17830000000
17830000000,17831000000
17832000000,17832000000
17833000000,17833000000
17833000000,17834000000
17835000000,17835000000
17836000000,17836000000
17837000000,17837000000
17838000000,17838000000
17839000000,17839000000
17839000000,17840000000
17841000000,17841000000
17842000000,17842000000
17843000000,17843000000
17844000000,17844000000
17845000000,17845000000
17846000000,17846000000
17847000000,17847000000
17848000000,17848000000
17849000000,17849000000
17850000000,17850000000
17851000000,17851000000
17852000000,17852000000
17853000000,17853000000
17854000000,17854000000
17855000000,17855000000
17855000000,17856000000
17857000000,17857000000
17858000000,17858000000
17859000000,17859000000
17859000000,17860000000
17861000000,17861000000
17862000000,17862000000
17863000000,17863000000
17864000000,17864000000
17865000000,17865000000
17866000000,17866000000
17867000000,17867000000
17868000000,17868000000
17869000000,17869000000
17870000000,17870000000
17871000000,17871000000
17872000000,17872000000
17873000000,17873000000
17874000000,17874000000
17875000000,17875000000
17876000000,17876000000
17877000000,17877000000
17878000000,17878000000
17879000000,17879000000
17880000000,17880000000
17881000000,17881000000
17882000000,17882000000
17883000000,17883000000
17884000000,17884000000
17885000000,17885000000
17886000000,17886000000
17887000000,17887000000
17888000000,17888000000
17889000000,17889000000
17890000000,17890000000
17891000000,17891000000
17892000000,17892000000
17893000000,17893000000
17894000000,17894000000
17895000000,17895000000
17896000000,17896000000
17897000000,17897000000
17898000000,17898000000
17899000000,17899000000
17900000000,17900000000
17900000000,17901000000
17902000000,17902000000
17903000000,17903000000
17904000000,17904000000
17905000000,17905000000
17906000000,17906000000
17907000000,17907000000
17908000000,17908000000
17909000000,17909000000
17910000000,17910000000
17911000000,17911000000
17912000000,17912000000
17913000000,17913000000
17914000000,17914000000
17915000000,17915000000
17916000000,17916000000
17917000000,17917000000
17918000000,17918000000
17919000000,17919000000
17920000000,17920000000
17921000000,17921000000
17922000000,17922000000
17923000000,17923000000
17924000000,17924000000
17925000000,17925000000
17926000000,17926000000
17927000000,17927000000
17928000000,17928000000
17929000000,17929000000
17930000000,17930000000
17931000000,17931000000
17932000000,17932000000
17933000000,17933000000
17934000000,17934000000
17935000000,17935000000
17936000000,17936000000
17937000000,17937000000
17938000000,17938000000
17939000000,17939000000
17940000000,17940000000
17941000000,17941000000
17942000000,17942000000
17943000000,17943000000
17944000000,17944000000
17945000000,17945000000
17946000000,17946000000
17947000000,17947000000
17947000000,17948000000
17949000000,17949000000
17950000000,17950000000
17951000000,17951000000
17952000000,17952000000
17952000000,17953000000
17954000000,17954000000
17955000000,17955000000
17956000000,17956000000
17957000000,17957000000
17958000000,17958000000
17959000000,17959000000
17960000000,17960000000
17961000000,17961000000
17962000000,17962000000
17963000000,17963000000
17964000000,17964000000
17965000000,17965000000
17966000000,17966000000
17967000000,17967000000
17968000000,17968000000
17969000000,17969000000
17970000000,17970000000
17971000000,17971000000
17972000000,17972000000
17973000000,17973000000
17974000000,17974000000
17974000000,17975000000
17975000000,17976000000
17977000000,17977000000
17978000000,17978000000
17979000000,17979000000
17980000000,17980000000
17980000000,17981000000
17981000000,17982000000
17982000000,17983000000
17984000000,17984000000
17985000000,17985000000
17986000000,17986000000
17987000000,17987000000
17988000000,17988000000
17989000000,17989000000
17990000000,17990000000
17990000000,17991000000
17992000000,17992000000
17993000000,17993000000
17994000000,17994000000
17995000000,17995000000
17995000000,17996000000
17997000000,17997000000
17997000000,17998000000
17998000000,17999000000
17999000000,18000000000
18001000000,18001000000
18002000000,18002000000
18002000000,18003000000
18004000000,18004000000
18004000000,18005000000
18005000000,18006000000
18007000000,18007000000
18007000000,18008000000
18009000000,18009000000
18009000000,18010000000
18011000000,18011000000
18012000000,18012000000
18012000000,18013000000
18013000000,18014000000
18015000000,18015000000
18016000000,18016000000
18016000000,18017000000
18018000000,18018000000
18018000000,18019000000
18019000000,18020000000
18020000000,18021000000
18022000000,18022000000
18022000000,18023000000
18024000000,18024000000
18025000000,18025000000
18026000000,18026000000
18027000000,18027000000
18028000000,18028000000
18029000000,18029000000
18030000000,18030000000
18031000000,18031000000
18032000000,18032000000
18033000000,18033000000
18034000000,18034000000
18035000000,18035000000
18036000000,18036000000
18037000000,18037000000
18038000000,18038000000
18038000000,18039000000
18039000000,18040000000
18041000000,18041000000
18042000000,18042000000
18043000000,18043000000
18043000000,18044000000
18045000000,18045000000
18046000000,18046000000
18047000000,18047000000
18048000000,18048000000
18049000000,18049000000
18050000000,18050000000
18051000000,18051000000
18052000000,18052000000
18053000000,18053000000
18054000000,18054000000
18055000000,18055000000
18056000000,18056000000
18057000000,18057000000
18058000000,18058000000
18059000000,18059000000
18060000000,18060000000
18061000000,18061000000
18062000000,18062000000
18063000000,18063000000
18064000000,18064000000
18065000000,18065000000
18066000000,18066000000
18067000000,18067000000
18068000000,18068000000
18069000000,18069000000
18070000000,18070000000
18071000000,18071000000
18072000000,18072000000
18073000000,18073000000
18074000000,18074000000
18075000000,18075000000
18076000000,18076000000
18077000000,18077000000
18077000000,18078000000
18078000000,18079000000
18080000000,18080000000
18081000000,18081000000
18081000000,18082000000
18083000000,18083000000
18084000000,18084000000
18085000000,18085000000
18086000000,18086000000
18087000000,18087000000
18088000000,18088000000
18089000000,18089000000
18090000000,18090000000
18091000000,18091000000
18091000000,18092000000
18092000000,18093000000
18094000000,18094000000
18095000000,18095000000
18096000000,18096000000
18097000000,18097000000
18098000000,18098000000
18099000000,18099000000
18100000000,18100000000
18101000000,18101000000
18102000000,18102000000
18103000000,18103000000
18104000000,18104000000
18105000000,18105000000
18106000000,18106000000
18107000000,18107000000
18108000000,18108000000
18109000000,18109000000
18109000000,18110000000
18111000000,18111000000
18112000000,18112000000
18112000000,18113000000
18114000000,18114000000
18114000000,18115000000
18115000000,18116000000
18117000000,18117000000
18117000000,18118000000
18119000000,18119000000
18120000000,18120000000
18121000000,18121000000
18122000000,18122000000
18123000000,18123000000
18124000000,18124000000
18125000000,18125000000
18126000000,18126000000
18127000000,18127000000
18128000000,18128000000
18129000000,18129000000
18130000000,18130000000
18131000000,18131000000
18132000000,18132000000
18133000000,18133000000
18134000000,18134000000
18135000000,18135000000
18136000000,18136000000
18137000000,18137000000
18138000000,18138000000
18139000000,18139000000
18140000000,18140000000
18141000000,18141000000
18142000000,18142000000
18142000000,18143000000
18143000000,18144000000
18144000000,18145000000
18146000000,18146000000
18147000000,18147000000
18148000000,18148000000
18149000000,18149000000
18150000000,18150000000
18151000000,18151000000
18152000000,18152000000
18153000000,18153000000
18154000000,18154000000
18155000000,18155000000
18156000000,18156000000
18157000000,18157000000
18158000000,18158000000
18159000000,18159000000
18160000000,18160000000
18161000000,18161000000
18161000000,18162000000
18163000000,18163000000
18164000000,18164000000
18165000000,18165000000
18166000000,18166000000
18167000000,18167000000
18168000000,18168000000
18169000000,18169000000
18170000000,18170000000
18171000000,18171000000
18172000000,18172000000
18173000000,18173000000
18174000000,18174000000
18175000000,18175000000
18176000000,18176000000
18176000000,18177000000
18178000000,18178000000
18179000000,18179000000
18180000000,18180000000
18181000000,18181000000
18182000000,18182000000
18183000000,18183000000
18184000000,18184000000
18185000000,18185000000
18186000000,18186000000
18187000000,18187000000
18188000000,18188000000
18188000000,18189000000
18190000000,18190000000
18191000000,18191000000
18192000000,18192000000
18193000000,18193000000
18194000000,18194000000
18195000000,18195000000
18196000000,18196000000
18197000000,18197000000
18198000000,18198000000
18199000000,18199000000
18200000000,18200000000
18201000000,18201000000
18202000000,18202000000
18203000000,18203000000
18204000000,18204000000
18205000000,18205000000
18206000000,18206000000
18207000000,18207000000
18208000000,18208000000
18209000000,18209000000
18210000000,18210000000
18211000000,18211000000
18211000000,18212000000
18213000000,18213000000
18214000000,18214000000
18215000000,18215000000
18216000000,18216000000
18217000000,18217000000
18217000000,18218000000
18219000000,18219000000
18220000000,18220000000
18221000000,18221000000
18221000000,18222000000
18223000000,18223000000
18224000000,18224000000
18225000000,18225000000
18226000000,18226000000
18226000000,18227000000
18228000000,18228000000
18229000000,18229000000
18230000000,18230000000
18231000000,18231000000
18232000000,18232000000
18233000000,18233000000
18234000000,18234000000
18234000000,18235000000
18236000000,18236000000
18237000000,18237000000
18238000000,18238000000
18239000000,18239000000
18240000000,18240000000
18241000000,18241000000
18241000000,18242000000
18243000000,18243000000
18243000000,18244000000
18245000000,18245000000
18246000000,18246000000
18247000000,18247000000
18248000000,18248000000
18249000000,18249000000
18250000000,18250000000
18251000000,18251000000
18252000000,18252000000
18253000000,18253000000
18253000000,18254000000
18255000000,18255000000
18256000000,18256000000
18257000000,18257000000
18258000000,18258000000
18259000000,18259000000
18260000000,18260000000
18261000000,18261000000
18262000000,18262000000
18263000000,18263000000
18263000000,18264000000
18265000000,18265000000
18266000000,18266000000
18267000000,18267000000
18268000000,18268000000
18269000000,18269000000
18270000000,18270000000
18271000000,18271000000
18272000000,18272000000
18273000000,18273000000
18274000000,18274000000
18275000000,18275000000
18276000000,18276000000
18277000000,18277000000
18278000000,18278000000
18279000000,18279000000
18279000000,18280000000
18281000000,18281000000
18282000000,18282000000
18283000000,18283000000
18284000000,18284000000
18285000000,18285000000
18286000000,18286000000
18287000000,18287000000
18287000000,18288000000
18289000000,18289000000
18290000000,18290000000
18291000000,18291000000
18292000000,18292000000
18293000000,18293000000
18294000000,18294000000
18295000000,18295000000
18296000000,18296000000
18297000000,18297000000
18298000000,18298000000
18299000000,18299000000
18300000000,18300000000
18301000000,18301000000
18302000000,18302000000
18303000000,18303000000
18304000000,18304000000
18305000000,18305000000
18306000000,18306000000
18307000000,18307000000
18308000000,18308000000
18309000000,18309000000
18310000000,18310000000
18311000000,18311000000
18312000000,18312000000
18313000000,18313000000
18314000000,18314000000
18315000000,18315000000
18316000000,18316000000
18317000000,18317000000
18318000000,18318000000
18319000000,18319000000
18320000000,18320000000
18321000000,18321000000
18322000000,18322000000
18323000000,18323000000
18324000000,18324000000
18324000000,18325000000
18326000000,18326000000
18327000000,18327000000
18328000000,18328000000
18329000000,18329000000
18330000000,18330000000
18331000000,18331000000
18332000000,18332000000
18333000000,18333000000
18334000000,18334000000
18335000000,18335000000
18335000000,18336000000
18337000000,18337000000
18338000000,18338000000
18339000000,18339000000
18340000000,18340000000
18341000000,18341000000
18342000000,18342000000
18343000000,18343000000
18344000000,18344000000
18345000000,18345000000
18346000000,18346000000
18347000000,18347000000
18348000000,18348000000
18349000000,18349000000
18350000000,18350000000
18351000000,18351000000
18351000000,18352000000
18353000000,18353000000
18354000000,18354000000
18355000000,18355000000
18355000000,18356000000
18356000000,18357000000
18358000000,18358000000
18359000000,18359000000
18359000000,18360000000
18361000000,18361000000
18361000000,18362000000
18363000000,18363000000
18364000000,18364000000
18364000000,18365000000
18366000000,18366000000
18366000000,18367000000
18368000000,18368000000
18369000000,18369000000
18370000000,18370000000
18371000000,18371000000
18372000000,18372000000
18373000000,18373000000
18373000000,18374000000
18375000000,18375000000
18376000000,18376000000
18376000000,18377000000
18378000000,18378000000
18379000000,18379000000
18379000000,18380000000
18381000000,18381000000
18381000000,18382000000
18383000000,18383000000
18384000000,18384000000
18384000000,18385000000
18386000000,18386000000
18387000000,18387000000
18388000000,18388000000
18389000000,18389000000
18390000000,18390000000
18390000000,18391000000
18392000000,18392000000
18393000000,18393000000
18394000000,18394000000
18394000000,18395000000
18395000000,18396000000
18397000000,18397000000
18398000000,18398000000
18399000000,18399000000
18400000000,18400000000
18401000000,18401000000
18402000000,18402000000
18403000000,18403000000
18403000000,18404000000
18405000000,18405000000
18406000000,18406000000
18407000000,18407000000
18408000000,18408000000
18409000000,18409000000
18410000000,18410000000
18411000000,18411000000
18412000000,18412000000
18413000000,18413000000
18413000000,18414000000
18415000000,18415000000
18416000000,18416000000
18417000000,18417000000
18418000000,18418000000
18419000000,18419000000
18420000000,18420000000
18421000000,18421000000
18422000000,18422000000
18423000000,18423000000
18424000000,18424000000
18425000000,18425000000
18425000000,18426000000
18427000000,18427000000
18427000000,18428000000
18429000000,18429000000
18430000000,18430000000
18431000000,18431000000
18432000000,18432000000
18433000000,18433000000
18434000000,18434000000
18435000000,18435000000
18436000000,18436000000
18437000000,18437000000
18438000000,18438000000
18438000000,18439000000
18440000000,18440000000
18441000000,18441000000
18442000000,18442000000
18442000000,18443000000
18444000000,18444000000
18445000000,18445000000
18445000000,18446000000
18446000000,18447000000
18447000000,18448000000
18448000000,18449000000
18450000000,18450000000
18450000000,18451000000
18452000000,18452000000
18452000000,18453000000
18454000000,18454000000
18454000000,18455000000
18456000000,18456000000
18456000000,18457000000
18458000000,18458000000
18459000000,18459000000
18460000000,18460000000
18461000000,18461000000
18462000000,18462000000
18462000000,18463000000
18464000000,18464000000
18464000000,18465000000
18466000000,18466000000
18467000000,18467000000
18468000000,18468000000
18469000000,18469000000
18469000000,18470000000
18471000000,18471000000
18471000000,18472000000
18472000000,18473000000
18474000000,18474000000
18475000000,18475000000
18476000000,18476000000
18477000000,18477000000
18478000000,18478000000
18479000000,18479000000
18480000000,18480000000
18481000000,18481000000
18482000000,18482000000
18483000000,18483000000
18484000000,18484000000
18485000000,18485000000
18486000000,18486000000
18486000000,18487000000
18488000000,18488000000
18488000000,18489000000
18490000000,18490000000
18491000000,18491000000
18492000000,18492000000
18493000000,18493000000
18494000000,18494000000
18494000000,18495000000
18496000000,18496000000
18497000000,18497000000
18498000000,18498000000
18499000000,18499000000
18500000000,18500000000
18501000000,18501000000
18502000000,18502000000
18503000000,18503000000
18504000000,18504000000
18504000000,18505000000
18505000000,18506000000
18506000000,18507000000
18508000000,18508000000
18509000000,18509000000
18510000000,18510000000
18511000000,18511000000
18512000000,18512000000
18512000000,18513000000
18514000000,18514000000
18515000000,18515000000
18516000000,18516000000
18517000000,18517000000
18518000000,18518000000
18519000000,18519000000
18520000000,18520000000
18521000000,18521000000
18522000000,18522000000
18523000000,18523000000
18523000000,18524000000
18525000000,18525000000
18525000000,18526000000
18527000000,18527000000
18528000000,18528000000
18529000000,18529000000
18530000000,18530000000
18531000000,18531000000
18532000000,18532000000
18533000000,18533000000
18534000000,18534000000
18535000000,18535000000
18536000000,18536000000
18537000000,18537000000
18538000000,18538000000
18539000000,18539000000
18540000000,18540000000
18541000000,18541000000
18542000000,18542000000
18543000000,18543000000
18544000000,18544000000
18545000000,18545000000
18546000000,18546000000
18547000000,18547000000
18548000000,18548000000
18549000000,18549000000
18550000000,18550000000
18551000000,18551000000
18552000000,18552000000
18553000000,18553000000
18554000000,18554000000
18555000000,18555000000
18556000000,18556000000
18557000000,18557000000
18558000000,18558000000
18559000000,18559000000
18560000000,18560000000
18561000000,18561000000
18562000000,18562000000
18563000000,18563000000
18564000000,18564000000
18565000000,18565000000
18565000000,18566000000
18567000000,18567000000
18567000000,18568000000
18568000000,18569000000
18570000000,18570000000
18571000000,18571000000
18572000000,18572000000
18572000000,18573000000
18573000000,18574000000
18575000000,18575000000
18576000000,18576000000
18577000000,18577000000
18578000000,18578000000
18579000000,18579000000
18580000000,18580000000
18580000000,18581000000
18581000000,18582000000
18583000000,18583000000
18584000000,18584000000
18585000000,18585000000
18586000000,18586000000
18587000000,18587000000
18587000000,18588000000
18588000000,18589000000
18590000000,18590000000
18591000000,18591000000
18592000000,18592000000
18592000000,18593000000
18594000000,18594000000
18595000000,18595000000
18596000000,18596000000
18596000000,18597000000
18597000000,18598000000
18599000000,18599000000
18599000000,18600000000
18601000000,18601000000
18601000000,18602000000
18602000000,18603000000
18604000000,18604000000
18605000000,18605000000
18605000000,18606000000
18607000000,18607000000
18608000000,18608000000
18609000000,18609000000
18610000000,18610000000
18611000000,18611000000
18612000000,18612000000
18613000000,18613000000
18614000000,18614000000
18614000000,18615000000
18616000000,18616000000
18617000000,18617000000
18618000000,18618000000
18618000000,18619000000
18620000000,18620000000
18621000000,18621000000
18622000000,18622000000
18623000000,18623000000
18623000000,18624000000
18625000000,18625000000
18626000000,18626000000
18627000000,18627000000
18628000000,18628000000
18629000000,18629000000
18630000000,18630000000
18631000000,18631000000
18632000000,18632000000
18632000000,18633000000
18633000000,18634000000
18635000000,18635000000
18636000000,18636000000
18637000000,18637000000
18638000000,18638000000
18638000000,18639000000
18639000000,18640000000
18641000000,18641000000
18642000000,18642000000
18642000000,18643000000
18644000000,18644000000
18645000000,18645000000
18645000000,18646000000
18647000000,18647000000
18648000000,18648000000
18649000000,18649000000
18650000000,18650000000
18651000000,18651000000
18652000000,18652000000
18653000000,18653000000
18654000000,18654000000
18655000000,18655000000
18656000000,18656000000
18656000000,18657000000
18658000000,18658000000
18659000000,18659000000
18660000000,18660000000
18661000000,18661000000
18662000000,18662000000
18663000000,18663000000
18664000000,18664000000
18665000000,18665000000
18666000000,18666000000
18667000000,18667000000
18668000000,18668000000
18668000000,18669000000
18670000000,18670000000
18670000000,18671000000
18672000000,18672000000
18673000000,18673000000
18674000000,18674000000
18674000000,18675000000
18675000000,18676000000
18676000000,18677000000
18678000000,18678000000
18679000000,18679000000
18680000000,18680000000
18680000000,18681000000
18682000000,18682000000
18683000000,18683000000
18684000000,18684000000
18684000000,18685000000
18686000000,18686000000
18686000000,18687000000
18687000000,18688000000
18689000000,18689000000
18689000000,18690000000
18690000000,18691000000
18691000000,18692000000
18693000000,18693000000
18694000000,18694000000
18695000000,18695000000
18695000000,18696000000
18697000000,18697000000
18698000000,18698000000
18699000000,18699000000
18700000000,18700000000
18701000000,18701000000
18702000000,18702000000
18703000000,18703000000
18704000000,18704000000
18704000000,18705000000
18706000000,18706000000
18707000000,18707000000
18708000000,18708000000
18709000000,18709000000
18710000000,18710000000
18711000000,18711000000
18712000000,18712000000
18713000000,18713000000
18714000000,18714000000
18715000000,18715000000
18716000000,18716000000
18717000000,18717000000
18718000000,18718000000
18719000000,18719000000
18720000000,18720000000
18721000000,18721000000
18722000000,18722000000
18723000000,18723000000
18724000000,18724000000
18725000000,18725000000
18726000000,18726000000
18727000000,18727000000
18728000000,18728000000
18729000000,18729000000
18730000000,18730000000
18731000000,18731000000
18732000000,18732000000
18733000000,18733000000
18734000000,18734000000
18735000000,18735000000
18736000000,18736000000
18737000000,18737000000
18738000000,18738000000
18739000000,18739000000
18740000000,18740000000
18741000000,18741000000
18742000000,18742000000
18743000000,18743000000
18744000000,18744000000
18745000000,18745000000
18746000000,18746000000
18747000000,18747000000
18748000000,18748000000
18749000000,18749000000
18750000000,18750000000
18751000000,18751000000
18752000000,18752000000
18753000000,18753000000
18754000000,18754000000
18755000000,18755000000
18756000000,18756000000
18757000000,18757000000
18758000000,18758000000
18759000000,18759000000
18760000000,18760000000
18761000000,18761000000
18762000000,18762000000
18763000000,18763000000
18764000000,18764000000
18765000000,18765000000
18766000000,18766000000
18767000000,18767000000
18768000000,18768000000
18769000000,18769000000
18770000000,18770000000
18771000000,18771000000
18771000000,18772000000
18772000000,18773000000
18774000000,18774000000
18775000000,18775000000
18776000000,18776000000
18777000000,18777000000
18778000000,18778000000
18779000000,18779000000
18780000000,18780000000
18781000000,18781000000
18782000000,18782000000
18783000000,18783000000
18784000000,18784000000
18785000000,18785000000
18786000000,18786000000
18787000000,18787000000
18788000000,18788000000
18789000000,18789000000
18790000000,18790000000
18791000000,18791000000
18792000000,18792000000
18793000000,18793000000
18794000000,18794000000
18795000000,18795000000
18796000000,18796000000
18797000000,18797000000
18798000000,18798000000
18799000000,18799000000
18800000000,18800000000
18801000000,18801000000
18802000000,18802000000
18803000000,18803000000
18804000000,18804000000
18805000000,18805000000
18806000000,18806000000
18807000000,18807000000
18808000000,18808000000
18809000000,18809000000
18810000000,18810000000
18811000000,18811000000
18812000000,18812000000
18813000000,18813000000
18814000000,18814000000
18815000000,18815000000
18816000000,18816000000
18817000000,18817000000
18818000000,18818000000
18819000000,18819000000
18820000000,18820000000
18821000000,18821000000
18822000000,18822000000
18823000000,18823000000
18824000000,18824000000
18825000000,18825000000
18826000000,18826000000
18827000000,18827000000
18828000000,18828000000
18829000000,18829000000
18830000000,18830000000
18831000000,18831000000
18832000000,18832000000
18833000000,18833000000
18834000000,18834000000
18835000000,18835000000
18836000000,18836000000
18837000000,18837000000
18838000000,18838000000
18839000000,18839000000
18840000000,18840000000
18841000000,18841000000
18842000000,18842000000
18843000000,18843000000
18844000000,18844000000
18845000000,18845000000
18846000000,18846000000
18847000000,18847000000
18848000000,18848000000
18849000000,18849000000
18850000000,18850000000
18851000000,18851000000
18852000000,18852000000
18853000000,18853000000
18854000000,18854000000
18855000000,18855000000
18856000000,18856000000
18857000000,18857000000
18858000000,18858000000
18859000000,18859000000
18860000000,18860000000
18861000000,18861000000
18862000000,18862000000
18863000000,18863000000
18864000000,18864000000
18865000000,18865000000
18866000000,18866000000
18867000000,18867000000
18868000000,18868000000
18868000000,18869000000
18869000000,18870000000
18871000000,18871000000
18872000000,18872000000
18872000000,18873000000
18874000000,18874000000
18874000000,18875000000
18876000000,18876000000
18877000000,18877000000
18877000000,18878000000
18879000000,18879000000
18879000000,18880000000
18881000000,18881000000
18882000000,18882000000
18882000000,18883000000
18883000000,18884000000
18884000000,18885000000
18885000000,18886000000
18887000000,18887000000
18887000000,18888000000
18889000000,18889000000
18890000000,18890000000
18890000000,18891000000
18892000000,18892000000
18893000000,18893000000
18894000000,18894000000
18895000000,18895000000
18895000000,18896000000
18897000000,18897000000
18898000000,18898000000
18898000000,18899000000
18899000000,18900000000
18901000000,18901000000
18901000000,18902000000
18903000000,18903000000
18904000000,18904000000
18905000000,18905000000
18905000000,18906000000
18907000000,18907000000
18908000000,18908000000
18909000000,18909000000
18910000000,18910000000
18910000000,18911000000
18912000000,18912000000
18913000000,18913000000
18914000000,18914000000
18914000000,18915000000
18915000000,18916000000
18917000000,18917000000
18918000000,18918000000
18919000000,18919000000
18920000000,18920000000
18921000000,18921000000
18922000000,18922000000
18922000000,18923000000
18924000000,18924000000
18925000000,18925000000
18925000000,18926000000
18927000000,18927000000
18928000000,18928000000
18928000000,18929000000
18929000000,18930000000
18931000000,18931000000
18932000000,18932000000
18933000000,18933000000
18934000000,18934000000
18934000000,18935000000
18936000000,18936000000
18937000000,18937000000
18937000000,18938000000
18939000000,18939000000
18940000000,18940000000
18941000000,18941000000
18942000000,18942000000
18943000000,18943000000
18944000000,18944000000
18944000000,18945000000
18946000000,18946000000
18946000000,18947000000
18948000000,18948000000
18949000000,18949000000
18949000000,18950000000
18951000000,18951000000
18952000000,18952000000
18953000000,18953000000
18954000000,18954000000
18955000000,18955000000
18956000000,18956000000
18957000000,18957000000
18958000000,18958000000
18959000000,18959000000
18960000000,18960000000
18960000000,18961000000
18962000000,18962000000
18962000000,18963000000
18964000000,18964000000
18964000000,18965000000
18965000000,18966000000
18967000000,18967000000
18967000000,18968000000
18968000000,18969000000
18969000000,18970000000
18970000000,18971000000
18972000000,18972000000
18972000000,18973000000
18974000000,18974000000
18975000000,18975000000
18975000000,18976000000
18976000000,18977000000
18978000000,18978000000
18979000000,18979000000
18980000000,18980000000
18981000000,18981000000
18981000000,18982000000
18983000000,18983000000
18984000000,18984000000
18985000000,18985000000
18986000000,18986000000
18987000000,18987000000
18988000000,18988000000
18989000000,18989000000
18990000000,18990000000
18991000000,18991000000
18992000000,18992000000
18993000000,18993000000
18993000000,18994000000
18995000000,18995000000
18996000000,18996000000
18997000000,18997000000
18997000000,18998000000
18999000000,18999000000
18999000000,19000000000
19000000000,19001000000
19002000000,19002000000
19003000000,19003000000
19004000000,19004000000
19004000000,19005000000
19005000000,19006000000
19007000000,19007000000
19007000000,19008000000
19009000000,19009000000
19010000000,19010000000
19011000000,19011000000
19012000000,19012000000
19013000000,19013000000
19014000000,19014000000
19015000000,19015000000
19016000000,19016000000
19016000000,19017000000
19018000000,19018000000
19019000000,19019000000
19020000000,19020000000
19021000000,19021000000
19022000000,19022000000
19022000000,19023000000
19024000000,19024000000
19025000000,19025000000
19025000000,19026000000
19027000000,19027000000
19028000000,19028000000
19029000000,19029000000
19030000000,19030000000
19030000000,19031000000
19032000000,19032000000
19033000000,19033000000
19034000000,19034000000
19035000000,19035000000
19036000000,19036000000
19036000000,19037000000
19038000000,19038000000
19038000000,19039000000
19040000000,19040000000
19040000000,19041000000
19042000000,19042000000
19043000000,19043000000
19044000000,19044000000
19045000000,19045000000
19046000000,19046000000
19047000000,19047000000
19048000000,19048000000
19049000000,19049000000
19050000000,19050000000
19051000000,19051000000
19052000000,19052000000
19053000000,19053000000
19054000000,19054000000
19055000000,19055000000
19056000000,19056000000
19057000000,19057000000
19058000000,19058000000
19059000000,19059000000
19060000000,19060000000
19061000000,19061000000
19062000000,19062000000
19063000000,19063000000
19064000000,19064000000
19065000000,19065000000
19066000000,19066000000
19067000000,19067000000
19068000000,19068000000
19069000000,19069000000
19070000000,19070000000
19071000000,19071000000
19072000000,19072000000
19073000000,19073000000
19074000000,19074000000
19074000000,19075000000
19076000000,19076000000
19077000000,19077000000
19078000000,19078000000
19078000000,19079000000
19080000000,19080000000
19081000000,19081000000
19082000000,19082000000
19083000000,19083000000
19084000000,19084000000
19085000000,19085000000
19085000000,19086000000
19087000000,19087000000
19088000000,19088000000
19088000000,19089000000
19090000000,19090000000
19091000000,19091000000
19092000000,19092000000
19093000000,19093000000
19094000000,19094000000
19095000000,19095000000
19096000000,19096000000
19097000000,19097000000
19098000000,19098000000
19099000000,19099000000
19100000000,19100000000
19101000000,19101000000
19102000000,19102000000
19103000000,19103000000
19104000000,19104000000
19105000000,19105000000
19106000000,19106000000
19106000000,19107000000
19108000000,19108000000
19109000000,19109000000
19109000000,19110000000
19111000000,19111000000
19111000000,19112000000
19113000000,19113000000
19113000000,19114000000
19115000000,19115000000
19116000000,19116000000
19117000000,19117000000
19118000000,19118000000
19119000000,19119000000
19119000000,19120000000
19121000000,19121000000
19121000000,19122000000
19122000000,19123000000
19124000000,19124000000
19125000000,19125000000
19126000000,19126000000
19127000000,19127000000
19128000000,19128000000
19128000000,19129000000
19130000000,19130000000
19131000000,19131000000
19132000000,19132000000
19132000000,19133000000
19134000000,19134000000
19135000000,19135000000
19136000000,19136000000
19137000000,19137000000
19138000000,19138000000
19139000000,19139000000
19140000000,19140000000
19141000000,19141000000
19142000000,19142000000
19143000000,19143000000
19144000000,19144000000
19145000000,19145000000
19146000000,19146000000
19147000000,19147000000
19148000000,19148000000
19149000000,19149000000
19150000000,19150000000
19151000000,19151000000
19152000000,19152000000
19153000000,19153000000
19154000000,19154000000
19155000000,19155000000
19156000000,19156000000
19157000000,19157000000
19158000000,19158000000
19159000000,19159000000
19160000000,19160000000
19161000000,19161000000
19162000000,19162000000
19163000000,19163000000
19164000000,19164000000
19165000000,19165000000
19166000000,19166000000
19167000000,19167000000
19168000000,19168000000
19169000000,19169000000
19170000000,19170000000
19171000000,19171000000
19172000000,19172000000
19173000000,19173000000
19174000000,19174000000
19175000000,19175000000
19176000000,19176000000
19177000000,19177000000
19178000000,19178000000
19179000000,19179000000
19180000000,19180000000
19181000000,19181000000
19182000000,19182000000
19183000000,19183000000
19184000000,19184000000
19185000000,19185000000
19186000000,19186000000
19187000000,19187000000
19187000000,19188000000
19189000000,19189000000
19190000000,19190000000
19191000000,19191000000
19191000000,19192000000
19193000000,19193000000
19194000000,19194000000
19195000000,19195000000
19196000000,19196000000
19197000000,19197000000
19198000000,19198000000
19199000000,19199000000
19200000000,19200000000
19201000000,19201000000
19202000000,19202000000
19203000000,19203000000
19204000000,19204000000
19205000000,19205000000
19206000000,19206000000
19207000000,19207000000
19208000000,19208000000
19209000000,19209000000
19210000000,19210000000
19211000000,19211000000
19212000000,19212000000
19213000000,19213000000
19214000000,19214000000
19215000000,19215000000
19216000000,19216000000
19216000000,19217000000
19218000000,19218000000
19219000000,19219000000
19220000000,19220000000
19221000000,19221000000
19222000000,19222000000
19223000000,19223000000
19224000000,19224000000
19225000000,19225000000
19225000000,19226000000
19227000000,19227000000
19228000000,19228000000
19229000000,19229000000
19230000000,19230000000
19231000000,19231000000
19232000000,19232000000
19233000000,19233000000
19234000000,19234000000
19235000000,19235000000
19236000000,19236000000
19237000000,19237000000
19238000000,19238000000
19239000000,19239000000
19239000000,19240000000
19241000000,19241000000
19242000000,19242000000
19243000000,19243000000
19243000000,19244000000
19245000000,19245000000
19246000000,19246000000
19247000000,19247000000
19248000000,19248000000
19249000000,19249000000
19250000000,19250000000
19251000000,19251000000
19252000000,19252000000
19252000000,19253000000
19253000000,19254000000
19255000000,19255000000
19256000000,19256000000
19257000000,19257000000
19258000000,19258000000
19259000000,19259000000
19260000000,19260000000
19261000000,19261000000
19262000000,19262000000
19263000000,19263000000
19264000000,19264000000
19265000000,19265000000
19266000000,19266000000
19267000000,19267000000
19268000000,19268000000
19268000000,19269000000
19270000000,19270000000
19271000000,19271000000
19272000000,19272000000
19273000000,19273000000
19274000000,19274000000
19274000000,19275000000
19275000000,19276000000
19277000000,19277000000
19277000000,19278000000
19279000000,19279000000
19279000000,19280000000
19280000000,19281000000
19282000000,19282000000
19283000000,19283000000
19283000000,19284000000
19285000000,19285000000
19286000000,19286000000
19286000000,19287000000
19288000000,19288000000
19288000000,19289000000
19289000000,19290000000
19290000000,19291000000
19292000000,19292000000
19292000000,19293000000
19294000000,19294000000
19294000000,19295000000
19296000000,19296000000
19297000000,19297000000
19298000000,19298000000
19299000000,19299000000
19299000000,19300000000
19300000000,19301000000
19301000000,19302000000
19302000000,19303000000
19303000000,19304000000
19305000000,19305000000
19305000000,19306000000
19307000000,19307000000
19308000000,19308000000
19308000000,19309000000
19310000000,19310000000
19311000000,19311000000
19311000000,19312000000
19312000000,19313000000
19314000000,19314000000
19315000000,19315000000
19315000000,19316000000
19317000000,19317000000
19317000000,19318000000
19318000000,19319000000
19320000000,19320000000
19320000000,19321000000
19322000000,19322000000
19323000000,19323000000
19323000000,19324000000
19324000000,19325000000
19326000000,19326000000
19327000000,19327000000
19328000000,19328000000
19329000000,19329000000
19330000000,19330000000
19331000000,19331000000
19332000000,19332000000
19333000000,19333000000
19334000000,19334000000
19334000000,19335000000
19335000000,19336000000
19336000000,19337000000
19338000000,19338000000
19338000000,19339000000
19339000000,19340000000
19341000000,19341000000
19341000000,19342000000
19342000000,19343000000
19343000000,19344000000
19345000000,19345000000
19346000000,19346000000
19347000000,19347000000
19348000000,19348000000
19349000000,19349000000
19350000000,19350000000
19351000000,19351000000
19351000000,19352000000
19352000000,19353000000
19354000000,19354000000
19355000000,19355000000
19356000000,19356000000
19357000000,19357000000
19358000000,19358000000
19358000000,19359000000
19360000000,19360000000
19361000000,19361000000
19362000000,19362000000
19363000000,19363000000
19364000000,19364000000
19365000000,19365000000
19366000000,19366000000
19367000000,19367000000
19368000000,19368000000
19369000000,19369000000
19369000000,19370000000
19371000000,19371000000
19372000000,19372000000
19373000000,19373000000
19374000000,19374000000
19375000000,19375000000
19376000000,19376000000
19377000000,19377000000
19378000000,19378000000
19379000000,19379000000
19380000000,19380000000
19380000000,19381000000
19382000000,19382000000
19382000000,19383000000
19384000000,19384000000
19385000000,19385000000
19386000000,19386000000
19387000000,19387000000
19388000000,19388000000
19389000000,19389000000
19390000000,19390000000
19391000000,19391000000
19392000000,19392000000
19393000000,19393000000
19394000000,19394000000
19395000000,19395000000
19396000000,19396000000
19397000000,19397000000
19398000000,19398000000
19399000000,19399000000
19400000000,19400000000
19401000000,19401000000
19402000000,19402000000
19403000000,19403000000
19404000000,19404000000
19405000000,19405000000
19406000000,19406000000
19406000000,19407000000
19408000000,19408000000
19409000000,19409000000
19409000000,19410000000
19411000000,19411000000
19412000000,19412000000
19413000000,19413000000
19414000000,19414000000
19415000000,19415000000
19415000000,19416000000
19417000000,19417000000
19418000000,19418000000
19419000000,19419000000
19420000000,19420000000
19420000000,19421000000
19422000000,19422000000
19423000000,19423000000
19424000000,19424000000
19424000000,19425000000
19425000000,19426000000
19427000000,19427000000
19428000000,19428000000
19429000000,19429000000
19430000000,19430000000
19431000000,19431000000
19432000000,19432000000
19433000000,19433000000
19434000000,19434000000
19435000000,19435000000
19436000000,19436000000
19437000000,19437000000
19438000000,19438000000
19439000000,19439000000
19440000000,19440000000
19441000000,19441000000
19442000000,19442000000
19442000000,19443000000
19444000000,19444000000
19445000000,19445000000
19446000000,19446000000
19447000000,19447000000
19447000000,19448000000
19449000000,19449000000
19450000000,19450000000
19451000000,19451000000
19452000000,19452000000
19452000000,19453000000
19454000000,19454000000
19455000000,19455000000
19456000000,19456000000
19457000000,19457000000
19458000000,19458000000
19458000000,19459000000
19460000000,19460000000
19461000000,19461000000
19462000000,19462000000
19463000000,19463000000
19464000000,19464000000
19465000000,19465000000
19466000000,19466000000
19467000000,19467000000
19468000000,19468000000
19469000000,19469000000
19470000000,19470000000
19471000000,19471000000
19472000000,19472000000
19473000000,19473000000
19474000000,19474000000
19475000000,19475000000
19476000000,19476000000
19477000000,19477000000
19478000000,19478000000
19479000000,19479000000
19480000000,19480000000
19481000000,19481000000
19482000000,19482000000
19483000000,19483000000
19484000000,19484000000
19485000000,19485000000
19486000000,19486000000
19487000000,19487000000
19488000000,19488000000
19489000000,19489000000
19490000000,19490000000
19491000000,19491000000
19492000000,19492000000
19493000000,19493000000
19494000000,19494000000
19495000000,19495000000
19496000000,19496000000
19497000000,19497000000
19497000000,19498000000
19498000000,19499000000
19500000000,19500000000
19501000000,19501000000
19502000000,19502000000
19503000000,19503000000
19504000000,19504000000
19505000000,19505000000
19505000000,19506000000
19507000000,19507000000
19508000000,19508000000
19508000000,19509000000
19510000000,19510000000
19511000000,19511000000
19512000000,19512000000
19513000000,19513000000
19514000000,19514000000
19514000000,19515000000
19515000000,19516000000
19517000000,19517000000
19517000000,19518000000
19519000000,19519000000
19520000000,19520000000
19521000000,19521000000
19522000000,19522000000
19522000000,19523000000
19524000000,19524000000
19524000000,19525000000
19525000000,19526000000
19527000000,19527000000
19528000000,19528000000
19529000000,19529000000
19529000000,19530000000
19531000000,19531000000
19532000000,19532000000
19532000000,19533000000
19534000000,19534000000
19535000000,19535000000
19536000000,19536000000
19537000000,19537000000
19538000000,19538000000
19538000000,19539000000
19539000000,19540000000
19540000000,19541000000
19541000000,19542000000
19543000000,19543000000
19544000000,19544000000
19544000000,19545000000
19545000000,19546000000
19547000000,19547000000
19548000000,19548000000
19549000000,19549000000
19550000000,19550000000
19551000000,19551000000
19552000000,19552000000
19553000000,19553000000
19553000000,19554000000
19555000000,19555000000
19555000000,19556000000
19557000000,19557000000
19557000000,19558000000
19559000000,19559000000
19559000000,19560000000
19561000000,19561000000
19562000000,19562000000
19563000000,19563000000
19564000000,19564000000
19565000000,19565000000
19566000000,19566000000
19567000000,19567000000
19568000000,19568000000
19569000000,19569000000
19570000000,19570000000
19571000000,19571000000
19571000000,19572000000
19573000000,19573000000
19573000000,19574000000
19575000000,19575000000
19576000000,19576000000
19577000000,19577000000
19578000000,19578000000
19579000000,19579000000
19579000000,19580000000
19581000000,19581000000
19582000000,19582000000
19583000000,19583000000
19584000000,19584000000
19585000000,19585000000
19586000000,19586000000
19587000000,19587000000
19588000000,19588000000
19589000000,19589000000
19589000000,19590000000
19591000000,19591000000
19591000000,19592000000
19592000000,19593000000
19593000000,19594000000
19595000000,19595000000
19596000000,19596000000
19597000000,19597000000
19598000000,19598000000
19599000000,19599000000
19600000000,19600000000
19601000000,19601000000
19602000000,19602000000
19603000000,19603000000
19604000000,19604000000
19605000000,19605000000
19606000000,19606000000
19607000000,19607000000
19608000000,19608000000
19609000000,19609000000
19610000000,19610000000
19611000000,19611000000
19612000000,19612000000
19613000000,19613000000
19613000000,19614000000
19615000000,19615000000
19616000000,19616000000
19617000000,19617000000
19617000000,19618000000
19618000000,19619000000
19620000000,19620000000
19621000000,19621000000
19622000000,19622000000
19622000000,19623000000
19623000000,19624000000
19625000000,19625000000
19625000000,19626000000
19627000000,19627000000
19628000000,19628000000
19629000000,19629000000
19629000000,19630000000
19631000000,19631000000
19632000000,19632000000
19632000000,19633000000
19633000000,19634000000
19634000000,19635000000
19635000000,19636000000
19636000000,19637000000
19637000000,19638000000
19639000000,19639000000
19640000000,19640000000
19640000000,19641000000
19642000000,19642000000
19643000000,19643000000
19644000000,19644000000
19645000000,19645000000
19646000000,19646000000
19647000000,19647000000
19648000000,19648000000
19649000000,19649000000
19650000000,19650000000
19651000000,19651000000
19652000000,19652000000
19652000000,19653000000
19654000000,19654000000
19655000000,19655000000
19656000000,19656000000
19657000000,19657000000
19658000000,19658000000
19659000000,19659000000
19660000000,19660000000
19661000000,19661000000
19662000000,19662000000
19663000000,19663000000
19664000000,19664000000
19665000000,19665000000
19666000000,19666000000
19667000000,19667000000
19668000000,19668000000
19669000000,19669000000
19670000000,19670000000
19671000000,19671000000
19672000000,19672000000
19673000000,19673000000
19674000000,19674000000
19675000000,19675000000
19676000000,19676000000
19677000000,19677000000
19678000000,19678000000
19679000000,19679000000
19679000000,19680000000
19681000000,19681000000
19682000000,19682000000
19683000000,19683000000
19683000000,19684000000
19685000000,19685000000
19686000000,19686000000
19686000000,19687000000
19687000000,19688000000
19689000000,19689000000
19690000000,19690000000
19691000000,19691000000
19692000000,19692000000
19693000000,19693000000
19694000000,19694000000
19695000000,19695000000
19696000000,19696000000
19697000000,19697000000
19698000000,19698000000
19699000000,19699000000
19700000000,19700000000
19701000000,19701000000
19702000000,19702000000
19703000000,19703000000
19704000000,19704000000
19705000000,19705000000
19706000000,19706000000
19707000000,19707000000
19708000000,19708000000
19709000000,19709000000
19710000000,19710000000
19711000000,19711000000
19712000000,19712000000
19713000000,19713000000
19714000000,19714000000
19715000000,19715000000
19716000000,19716000000
19717000000,19717000000
19718000000,19718000000
19719000000,19719000000
19720000000,19720000000
19721000000,19721000000
19722000000,19722000000
19723000000,19723000000
19724000000,19724000000
19725000000,19725000000
19726000000,19726000000
19727000000,19727000000
19728000000,19728000000
19729000000,19729000000
19730000000,19730000000
19731000000,19731000000
19732000000,19732000000
19733000000,19733000000
19734000000,19734000000
19735000000,19735000000
19736000000,19736000000
19737000000,19737000000
19738000000,19738000000
19739000000,19739000000
19740000000,19740000000
19741000000,19741000000
19742000000,19742000000
19743000000,19743000000
19744000000,19744000000
19745000000,19745000000
19745000000,19746000000
19746000000,19747000000
19748000000,19748000000
19749000000,19749000000
19750000000,19750000000
19751000000,19751000000
19752000000,19752000000
19753000000,19753000000
19754000000,19754000000
19755000000,19755000000
19756000000,19756000000
19757000000,19757000000
19758000000,19758000000
19759000000,19759000000
19759000000,19760000000
19761000000,19761000000
19761000000,19762000000
19762000000,19763000000
19763000000,19764000000
19764000000,19765000000
19765000000,19766000000
19767000000,19767000000
19767000000,19768000000
19769000000,19769000000
19770000000,19770000000
19770000000,19771000000
19772000000,19772000000
19772000000,19773000000
19774000000,19774000000
19775000000,19775000000
19776000000,19776000000
19777000000,19777000000
19778000000,19778000000
19779000000,19779000000
19780000000,19780000000
19781000000,19781000000
19781000000,19782000000
19783000000,19783000000
19784000000,19784000000
19785000000,19785000000
19786000000,19786000000
19787000000,19787000000
19788000000,19788000000
19789000000,19789000000
19790000000,19790000000
19790000000,19791000000
19791000000,19792000000
19793000000,19793000000
19793000000,19794000000
19795000000,19795000000
19796000000,19796000000
19797000000,19797000000
19798000000,19798000000
19799000000,19799000000
19800000000,19800000000
19801000000,19801000000
19802000000,19802000000
19803000000,19803000000
19804000000,19804000000
19805000000,19805000000
19806000000,19806000000
19807000000,19807000000
19808000000,19808000000
19809000000,19809000000
19810000000,19810000000
19810000000,19811000000
19812000000,19812000000
19812000000,19813000000
19813000000,19814000000
19815000000,19815000000
19816000000,19816000000
19817000000,19817000000
19818000000,19818000000
19818000000,19819000000
19820000000,19820000000
19821000000,19821000000
19822000000,19822000000
19823000000,19823000000
19824000000,19824000000
19825000000,19825000000
19826000000,19826000000
19827000000,19827000000
19828000000,19828000000
19829000000,19829000000
19829000000,19830000000
19831000000,19831000000
19832000000,19832000000
19833000000,19833000000
19834000000,19834000000
19835000000,19835000000
19836000000,19836000000
19837000000,19837000000
19838000000,19838000000
19839000000,19839000000
19840000000,19840000000
19841000000,19841000000
19842000000,19842000000
19843000000,19843000000
19844000000,19844000000
19845000000,19845000000
19846000000,19846000000
19847000000,19847000000
19848000000,19848000000
19849000000,19849000000
19850000000,19850000000
19851000000,19851000000
19851000000,19852000000
19853000000,19853000000
19854000000,19854000000
19855000000,19855000000
19856000000,19856000000
19857000000,19857000000
19858000000,19858000000
19859000000,19859000000
19860000000,19860000000
19861000000,19861000000
19861000000,19862000000
19863000000,19863000000
19864000000,19864000000
19864000000,19865000000
19866000000,19866000000
19866000000,19867000000
19868000000,19868000000
19869000000,19869000000
19870000000,19870000000
19871000000,19871000000
19872000000,19872000000
19873000000,19873000000
19873000000,19874000000
19875000000,19875000000
19875000000,19876000000
19876000000,19877000000
19878000000,19878000000
19879000000,19879000000
19880000000,19880000000
19881000000,19881000000
19881000000,19882000000
19883000000,19883000000
19883000000,19884000000
19885000000,19885000000
19886000000,19886000000
19887000000,19887000000
19888000000,19888000000
19888000000,19889000000
19890000000,19890000000
19890000000,19891000000
19892000000,19892000000
19893000000,19893000000
19894000000,19894000000
19895000000,19895000000
19896000000,19896000000
19896000000,19897000000
19898000000,19898000000
19899000000,19899000000
19900000000,19900000000
19900000000,19901000000
19901000000,19902000000
19903000000,19903000000
19904000000,19904000000
19905000000,19905000000
19906000000,19906000000
19907000000,19907000000
19908000000,19908000000
19908000000,19909000000
19910000000,19910000000
19911000000,19911000000
19912000000,19912000000
19912000000,19913000000
19913000000,19914000000
19914000000,19915000000
19916000000,19916000000
19917000000,19917000000
19918000000,19918000000
19918000000,19919000000
19919000000,19920000000
19921000000,19921000000
19921000000,19922000000
19923000000,19923000000
19923000000,19924000000
19924000000,19925000000
19926000000,19926000000
19927000000,19927000000
19928000000,19928000000
19929000000,19929000000
19929000000,19930000000
19931000000,19931000000
19931000000,19932000000
19932000000,19933000000
19934000000,19934000000
19935000000,19935000000
19935000000,19936000000
19936000000,19937000000
19937000000,19938000000
19939000000,19939000000
19940000000,19940000000
19940000000,19941000000
19942000000,19942000000
19943000000,19943000000
19944000000,19944000000
19945000000,19945000000
19946000000,19946000000
19947000000,19947000000
19947000000,19948000000
19949000000,19949000000
19950000000,19950000000
19951000000,19951000000
19952000000,19952000000
19953000000,19953000000
19954000000,19954000000
19955000000,19955000000
19956000000,19956000000
19957000000,19957000000
19958000000,19958000000
19959000000,19959000000
19960000000,19960000000
19961000000,19961000000
19962000000,19962000000
19963000000,19963000000
19964000000,19964000000
19965000000,19965000000
19966000000,19966000000
19967000000,19967000000
19968000000,19968000000
19969000000,19969000000
19970000000,19970000000
19971000000,19971000000
19972000000,19972000000
19973000000,19973000000
19974000000,19974000000
19975000000,19975000000
19976000000,19976000000
19977000000,19977000000
19978000000,19978000000
19979000000,19979000000
19980000000,19980000000
19981000000,19981000000
19982000000,19982000000
19983000000,19983000000
19984000000,19984000000
19985000000,19985000000
19986000000,19986000000
19987000000,19987000000
19988000000,19988000000
19989000000,19989000000
19990000000,19990000000
19991000000,19991000000
19992000000,19992000000
19993000000,19993000000
19994000000,19994000000
19995000000,19995000000
19996000000,19996000000
19997000000,19997000000
19998000000,19998000000
19999000000,19999000000
20000000000,20000000000
20001000000,20001000000
20001000000,20002000000
20003000000,20003000000
20004000000,20004000000
20005000000,20005000000
20006000000,20006000000
20007000000,20007000000
20008000000,20008000000
20009000000,20009000000
20010000000,20010000000
20011000000,20011000000
20012000000,20012000000
20013000000,20013000000
20014000000,20014000000
20015000000,20015000000
20016000000,20016000000
20017000000,20017000000
20018000000,20018000000
20019000000,20019000000
20020000000,20020000000
20021000000,20021000000
20022000000,20022000000
20023000000,20023000000
20024000000,20024000000
20025000000,20025000000
20026000000,20026000000
20027000000,20027000000
20028000000,20028000000
20029000000,20029000000
20030000000,20030000000
20031000000,20031000000
20032000000,20032000000
20033000000,20033000000
20034000000,20034000000
20035000000,20035000000
20036000000,20036000000
20037000000,20037000000
20038000000,20038000000
20039000000,20039000000
20040000000,20040000000
20041000000,20041000000
20042000000,20042000000
20043000000,20043000000
20044000000,20044000000
20045000000,20045000000
20046000000,20046000000
20047000000,20047000000
20048000000,20048000000
20049000000,20049000000
20050000000,20050000000
20051000000,20051000000
20052000000,20052000000
20053000000,20053000000
20053000000,20054000000
20055000000,20055000000
20055000000,20056000000
20057000000,20057000000
20057000000,20058000000
20059000000,20059000000
20060000000,20060000000
20060000000,20061000000
20062000000,20062000000
20063000000,20063000000
20064000000,20064000000
20065000000,20065000000
20065000000,20066000000
20067000000,20067000000
20068000000,20068000000
20068000000,20069000000
20070000000,20070000000
20070000000,20071000000
20072000000,20072000000
20073000000,20073000000
20074000000,20074000000
20075000000,20075000000
20075000000,20076000000
20077000000,20077000000
20078000000,20078000000
20079000000,20079000000
20079000000,20080000000
20081000000,20081000000
20082000000,20082000000
20082000000,20083000000
20084000000,20084000000
20085000000,20085000000
20086000000,20086000000
20086000000,20087000000
20088000000,20088000000
20088000000,20089000000
20090000000,20090000000
20091000000,20091000000
20091000000,20092000000
20093000000,20093000000
20094000000,20094000000
20094000000,20095000000
20096000000,20096000000
20097000000,20097000000
20098000000,20098000000
20098000000,20099000000
20099000000,20100000000
20100000000,20101000000
20101000000,20102000000
20102000000,20103000000
20103000000,20104000000
20104000000,20105000000
20105000000,20106000000
20106000000,20107000000
20108000000,20108000000
20108000000,20109000000
20110000000,20110000000
20111000000,20111000000
20112000000,20112000000
20113000000,20113000000
20114000000,20114000000
20114000000,20115000000
20116000000,20116000000
20117000000,20117000000
20118000000,20118000000
20119000000,20119000000
20119000000,20120000000
20121000000,20121000000
20122000000,20122000000
20123000000,20123000000
20124000000,20124000000
20125000000,20125000000
20126000000,20126000000
20127000000,20127000000
20128000000,20128000000
20129000000,20129000000
20130000000,20130000000
20131000000,20131000000
20132000000,20132000000
20133000000,20133000000
20134000000,20134000000
20135000000,20135000000
20136000000,20136000000
20137000000,20137000000
20138000000,20138000000
20139000000,20139000000
20140000000,20140000000
20141000000,20141000000
20142000000,20142000000
20143000000,20143000000
20144000000,20144000000
20145000000,20145000000
20146000000,20146000000
20147000000,20147000000
20148000000,20148000000
20149000000,20149000000
20150000000,20150000000
20151000000,20151000000
20152000000,20152000000
20153000000,20153000000
20154000000,20154000000
20155000000,20155000000
20155000000,20156000000
20157000000,20157000000
20158000000,20158000000
20159000000,20159000000
20160000000,20160000000
20161000000,20161000000
20162000000,20162000000
20163000000,20163000000
20164000000,20164000000
20165000000,20165000000
20166000000,20166000000
20167000000,20167000000
20168000000,20168000000
20169000000,20169000000
20170000000,20170000000
20171000000,20171000000
20172000000,20172000000
20173000000,20173000000
20174000000,20174000000
20175000000,20175000000
20176000000,20176000000
20177000000,20177000000
20178000000,20178000000
20179000000,20179000000
20180000000,20180000000
20181000000,20181000000
20182000000,20182000000
20183000000,20183000000
20184000000,20184000000
20185000000,20185000000
20186000000,20186000000
20187000000,20187000000
20188000000,20188000000
20189000000,20189000000
20190000000,20190000000
20191000000,20191000000
20191000000,20192000000
20193000000,20193000000
20194000000,20194000000
20195000000,20195000000
20196000000,20196000000
20197000000,20197000000
20198000000,20198000000
20199000000,20199000000
20200000000,20200000000
20201000000,20201000000
20202000000,20202000000
20203000000,20203000000
20204000000,20204000000
20205000000,20205000000
20206000000,20206000000
20207000000,20207000000
20208000000,20208000000
20209000000,20209000000
20210000000,20210000000
20211000000,20211000000
20212000000,20212000000
20213000000,20213000000
20214000000,20214000000
20215000000,20215000000
20216000000,20216000000
20217000000,20217000000
20218000000,20218000000
20219000000,20219000000
20220000000,20220000000
20221000000,20221000000
20222000000,20222000000
20223000000,20223000000
20224000000,20224000000
20224000000,20225000000
20226000000,20226000000
20227000000,20227000000
20228000000,20228000000
20228000000,20229000000
20229000000,20230000000
20230000000,20231000000
20231000000,20232000000
20233000000,20233000000
20234000000,20234000000
20235000000,20235000000
20235000000,20236000000
20236000000,20237000000
20238000000,20238000000
20239000000,20239000000
20240000000,20240000000
20241000000,20241000000
20242000000,20242000000
20243000000,20243000000
20244000000,20244000000
20244000000,20245000000
20246000000,20246000000
20246000000,20247000000
20248000000,20248000000
20249000000,20249000000
20250000000,20250000000
20251000000,20251000000
20252000000,20252000000
20253000000,20253000000
20254000000,20254000000
20255000000,20255000000
20255000000,20256000000
20257000000,20257000000
20258000000,20258000000
20258000000,20259000000
20260000000,20260000000
20261000000,20261000000
20262000000,20262000000
20263000000,20263000000
20264000000,20264000000
20265000000,20265000000
20266000000,20266000000
20267000000,20267000000
20268000000,20268000000
20269000000,20269000000
20270000000,20270000000
20271000000,20271000000
20272000000,20272000000
20273000000,20273000000
20274000000,20274000000
20275000000,20275000000
20276000000,20276000000
20277000000,20277000000
20278000000,20278000000
20279000000,20279000000
20280000000,20280000000
20281000000,20281000000
20282000000,20282000000
20283000000,20283000000
20284000000,20284000000
20285000000,20285000000
20286000000,20286000000
20287000000,20287000000
20288000000,20288000000
20289000000,20289000000
20290000000,20290000000
20291000000,20291000000
20292000000,20292000000
20293000000,20293000000
20294000000,20294000000
20295000000,20295000000
20296000000,20296000000
20297000000,20297000000
20298000000,20298000000
20299000000,20299000000
20300000000,20300000000
20301000000,20301000000
20302000000,20302000000
20303000000,20303000000
20304000000,20304000000
20305000000,20305000000
20306000000,20306000000
20307000000,20307000000
20308000000,20308000000
20309000000,20309000000
20310000000,20310000000
20311000000,20311000000
20312000000,20312000000
20312000000,20313000000
20313000000,20314000000
20315000000,20315000000
20316000000,20316000000
20317000000,20317000000
20318000000,20318000000
20319000000,20319000000
20320000000,20320000000
20321000000,20321000000
20322000000,20322000000
20323000000,20323000000
20323000000,20324000000
20325000000,20325000000
20326000000,20326000000
20327000000,20327000000
20328000000,20328000000
20328000000,20329000000
20330000000,20330000000
20331000000,20331000000
20332000000,20332000000
20333000000,20333000000
20333000000,20334000000
20334000000,20335000000
20336000000,20336000000
20337000000,20337000000
20338000000,20338000000
20339000000,20339000000
20340000000,20340000000
20341000000,20341000000
20342000000,20342000000
20342000000,20343000000
20343000000,20344000000
20344000000,20345000000
20346000000,20346000000
20347000000,20347000000
20348000000,20348000000
20349000000,20349000000
20349000000,20350000000
20351000000,20351000000
20352000000,20352000000
20353000000,20353000000
20354000000,20354000000
20355000000,20355000000
20356000000,20356000000
20357000000,20357000000
20357000000,20358000000
20359000000,20359000000
20360000000,20360000000
20361000000,20361000000
20362000000,20362000000
20363000000,20363000000
20364000000,20364000000
20365000000,20365000000
20365000000,20366000000
20367000000,20367000000
20368000000,20368000000
20369000000,20369000000
20370000000,20370000000
20371000000,20371000000
20371000000,20372000000
20372000000,20373000000
20373000000,20374000000
20374000000,20375000000
20376000000,20376000000
20377000000,20377000000
20378000000,20378000000
20379000000,20379000000
20380000000,20380000000
20381000000,20381000000
20381000000,20382000000
20383000000,20383000000
20383000000,20384000000
20385000000,20385000000
20386000000,20386000000
20387000000,20387000000
20388000000,20388000000
20388000000,20389000000
20389000000,20390000000
20391000000,20391000000
20392000000,20392000000
20393000000,20393000000
20394000000,20394000000
20395000000,20395000000
20395000000,20396000000
20397000000,20397000000
20397000000,20398000000
20399000000,20399000000
20400000000,20400000000
20401000000,20401000000
20402000000,20402000000
20403000000,20403000000
20403000000,20404000000
20405000000,20405000000
20405000000,20406000000
20406000000,20407000000
20408000000,20408000000
20409000000,20409000000
20410000000,20410000000
20410000000,20411000000
20412000000,20412000000
20413000000,20413000000
20414000000,20414000000
20415000000,20415000000
20416000000,20416000000
20417000000,20417000000
20418000000,20418000000
20419000000,20419000000
20420000000,20420000000
20421000000,20421000000
20421000000,20422000000
20423000000,20423000000
20424000000,20424000000
20425000000,20425000000
20425000000,20426000000
20427000000,20427000000
20428000000,20428000000
20429000000,20429000000
20429000000,20430000000
20431000000,20431000000
20431000000,20432000000
20432000000,20433000000
20433000000,20434000000
20434000000,20435000000
20436000000,20436000000
20436000000,20437000000
20438000000,20438000000
20439000000,20439000000
20440000000,20440000000
20441000000,20441000000
20442000000,20442000000
20443000000,20443000000
20444000000,20444000000
20445000000,20445000000
20446000000,20446000000
20447000000,20447000000
20448000000,20448000000
20449000000,20449000000
20449000000,20450000000
20451000000,20451000000
20452000000,20452000000
20452000000,20453000000
20454000000,20454000000
20455000000,20455000000
20456000000,20456000000
20457000000,20457000000
20458000000,20458000000
20459000000,20459000000
20460000000,20460000000
20461000000,20461000000
20462000000,20462000000
20462000000,20463000000
20463000000,20464000000
20465000000,20465000000
20466000000,20466000000
20467000000,20467000000
20468000000,20468000000
20469000000,20469000000
20470000000,20470000000
20471000000,20471000000
20472000000,20472000000
20473000000,20473000000
20474000000,20474000000
20475000000,20475000000
20476000000,20476000000
20477000000,20477000000
20478000000,20478000000
20479000000,20479000000
20480000000,20480000000
20481000000,20481000000
20482000000,20482000000
20483000000,20483000000
20483000000,20484000000
20485000000,20485000000
20486000000,20486000000
20487000000,20487000000
20488000000,20488000000
20489000000,20489000000
20490000000,20490000000
20491000000,20491000000
20492000000,20492000000
20493000000,20493000000
20494000000,20494000000
20495000000,20495000000
20495000000,20496000000
20497000000,20497000000
20497000000,20498000000
20498000000,20499000000
20500000000,20500000000
20501000000,20501000000
20501000000,20502000000
20503000000,20503000000
20504000000,20504000000
20505000000,20505000000
20506000000,20506000000
20506000000,20507000000
20507000000,20508000000
20509000000,20509000000
20510000000,20510000000
20511000000,20511000000
20512000000,20512000000
20513000000,20513000000
20513000000,20514000000
20515000000,20515000000
20516000000,20516000000
20517000000,20517000000
20518000000,20518000000
20519000000,20519000000
20520000000,20520000000
20521000000,20521000000
20522000000,20522000000
20523000000,20523000000
20523000000,20524000000
20525000000,20525000000
20526000000,20526000000
20527000000,20527000000
20528000000,20528000000
20529000000,20529000000
20529000000,20530000000
20531000000,20531000000
20532000000,20532000000
20533000000,20533000000
20534000000,20534000000
20535000000,20535000000
20536000000,20536000000
20537000000,20537000000
20537000000,20538000000
20539000000,20539000000
20539000000,20540000000
20541000000,20541000000
20542000000,20542000000
20543000000,20543000000
20544000000,20544000000
20545000000,20545000000
20545000000,20546000000
20547000000,20547000000
20548000000,20548000000
20549000000,20549000000
20549000000,20550000000
20550000000,20551000000
20551000000,20552000000
20553000000,20553000000
20554000000,20554000000
20555000000,20555000000
20556000000,20556000000
20557000000,20557000000
20557000000,20558000000
20558000000,20559000000
20560000000,20560000000
20560000000,20561000000
20561000000,20562000000
20563000000,20563000000
20564000000,20564000000
20565000000,20565000000
20566000000,20566000000
20567000000,20567000000
20567000000,20568000000
20568000000,20569000000
20569000000,20570000000
20570000000,20571000000
20572000000,20572000000
20573000000,20573000000
20574000000,20574000000
20575000000,20575000000
20576000000,20576000000
20577000000,20577000000
20578000000,20578000000
20579000000,20579000000
20580000000,20580000000
20581000000,20581000000
20581000000,20582000000
20583000000,20583000000
20584000000,20584000000
20585000000,20585000000
20586000000,20586000000
20587000000,20587000000
20588000000,20588000000
20589000000,20589000000
20590000000,20590000000
20591000000,20591000000
20592000000,20592000000
20593000000,20593000000
20594000000,20594000000
20595000000,20595000000
20596000000,20596000000
20596000000,20597000000
20597000000,20598000000
20598000000,20599000000
20599000000,20600000000
20601000000,20601000000
20601000000,20602000000
20602000000,20603000000
20604000000,20604000000
20604000000,20605000000
20606000000,20606000000
20607000000,20607000000
20608000000,20608000000
20609000000,20609000000
20610000000,20610000000
20611000000,20611000000
20612000000,20612000000
20613000000,20613000000
20614000000,20614000000
20615000000,20615000000
20616000000,20616000000
20617000000,20617000000
20618000000,20618000000
20619000000,20619000000
20620000000,20620000000
20621000000,20621000000
20622000000,20622000000
20623000000,20623000000
20624000000,20624000000
20625000000,20625000000
20626000000,20626000000
20627000000,20627000000
20628000000,20628000000
20629000000,20629000000
20630000000,20630000000
20630000000,20631000000
20632000000,20632000000
20632000000,20633000000
20634000000,20634000000
20635000000,20635000000
20636000000,20636000000
20637000000,20637000000
20638000000,20638000000
20639000000,20639000000
20640000000,20640000000
20641000000,20641000000
20642000000,20642000000
20643000000,20643000000
20644000000,20644000000
20645000000,20645000000
20646000000,20646000000
20647000000,20647000000
20648000000,20648000000
20649000000,20649000000
20650000000,20650000000
20651000000,20651000000
20651000000,20652000000
20653000000,20653000000
20654000000,20654000000
20655000000,20655000000
20656000000,20656000000
20657000000,20657000000
20658000000,20658000000
20659000000,20659000000
20660000000,20660000000
20661000000,20661000000
20662000000,20662000000
20662000000,20663000000
20664000000,20664000000
20665000000,20665000000
20666000000,20666000000
20667000000,20667000000
20668000000,20668000000
20669000000,20669000000
20670000000,20670000000
20671000000,20671000000
20672000000,20672000000
20673000000,20673000000
20674000000,20674000000
20675000000,20675000000
20676000000,20676000000
20677000000,20677000000
20678000000,20678000000
20679000000,20679000000
20680000000,20680000000
20681000000,20681000000
20682000000,20682000000
20683000000,20683000000
20684000000,20684000000
20685000000,20685000000
20686000000,20686000000
20687000000,20687000000
20688000000,20688000000
20689000000,20689000000
20690000000,20690000000
20691000000,20691000000
20692000000,20692000000
20693000000,20693000000
20693000000,20694000000
20695000000,20695000000
20695000000,20696000000
20696000000,20697000000
20697000000,20698000000
20699000000,20699000000
20700000000,20700000000
20700000000,20701000000
20701000000,20702000000
20703000000,20703000000
20704000000,20704000000
20705000000,20705000000
20706000000,20706000000
20706000000,20707000000
20707000000,20708000000
20708000000,20709000000
20709000000,20710000000
20711000000,20711000000
20712000000,20712000000
20712000000,20713000000
20714000000,20714000000
20714000000,20715000000
20715000000,20716000000
20716000000,20717000000
20718000000,20718000000
20718000000,20719000000
20720000000,20720000000
20721000000,20721000000
20722000000,20722000000
20723000000,20723000000
20724000000,20724000000
20724000000,20725000000
20726000000,20726000000
20727000000,20727000000
20728000000,20728000000
20729000000,20729000000
20730000000,20730000000
20731000000,20731000000
20732000000,20732000000
20733000000,20733000000
20734000000,20734000000
20735000000,20735000000
20736000000,20736000000
20736000000,20737000000
20738000000,20738000000
20739000000,20739000000
20740000000,20740000000
20741000000,20741000000
20742000000,20742000000
20743000000,20743000000
20744000000,20744000000
20745000000,20745000000
20746000000,20746000000
20747000000,20747000000
20748000000,20748000000
20749000000,20749000000
20750000000,20750000000
20751000000,20751000000
20752000000,20752000000
20752000000,20753000000
20754000000,20754000000
20755000000,20755000000
